original_term,replacement_term,notes
?Anemone,Anemone,NA
?Vitis,Vitis,NA
'Ishtara' plum rootstock,Prunus,NA
(Citrus unshiu x C. sinensis) x C. reticulata,Citrus,NA
[Unknown],NA,NA
10X Lolium arundinaceum,Lolium arundinaceum,NA
24-July-2016; onion,Allium cepa,NA
2wayinsect,NA,NA
2waystroma,NA,NA
3rd instar larva of Protaetia orientalis submarumorea,Protaetia orientalis submarumorea,NA
a bee,Hymenoptera,NA
a beetle,Coleoptera,NA
a caterpillar,Insecta,NA
a cicada,Cicadoidea,NA
a cocoon,Insecta,NA
a earwig,Dermaptera,NA
a insect in Coleoptera,Coleoptera,NA
a ladybug,Coccinellidae,NA
a larva,Insecta,NA
a moth,Lepidoptera,NA
a pupa,Insecta,NA
a spider,Araneae,NA
a weevil,Curculionidae,NA
A. aegypti,Aedes aegypti,NA
A. cerana,Apis cerana,NA
A. ellipticus,NA,NA
A. marina,NA,NA
A. mellifera,Apis mellifera,NA
A. nilotica,Vachellia nilotica,NA
AAA Cavendish,Musa,NA
AAB Banana,Musa,NA
AAB Silk,Musa,NA
Aak,NA,NA
AAK,NA,NA
Abacaxi,Ananas comosus,NA
Abelmoschus sp.,Abelmoschus,NA
Acacia harpophylla F. Muell. ex Benth.,Acacia harpophylla,NA
Acacia sp.,Acacia,NA
Acantholyda posticalis from Pinus sylvestris,Acantholyda posticalis,NA
Accacia,Acacia,NA
Acer saccharum and Acer rubrum (pooled),Acer,NA
Aceria guerreronis on Cocos nucifera,Aceria guerreronis,NA
Aceria sheldoni,Aceria sheldoni,NA
Achnatherum sibericum,Achnatherum sibericum,NA
Acid Lime,Citrus aurantiifolia,NA
Aclees sp.,Aclees,NA
Acnatherum sibericum,Achnatherum sibericum,NA
Acre rubrum,Acer rubrum,NA
Acromryrmex balzanii,Acromyrmex balzani,NA
Acromyrmex echinatior Ae291,Acromyrmex echinatior,NA
Acromyrmex echinatior Ae292,Acromyrmex echinatior,NA
Acromyrmex echinatior Ae295,Acromyrmex echinatior,NA
Acromyrmex echinatior CC031212-01,Acromyrmex echinatior,NA
Acromyrmex hispidus fallax SP030327-01,Acromyrmex hispidus fallax,NA
Acromyrmex hispidus fallax UGM030327-02,Acromyrmex hispidus fallax,NA
Acromyrmex laticeps UGM030330-04,Acromyrmex laticeps,NA
Acromyrmex niger CC030327-02,Acromyrmex niger,NA
Acromyrmex octospinosus CC011010-04,Acromyrmex octospinosus,NA
Acromyrmex octospinosus CC031210-22,Acromyrmex octospinosus,NA
Acromyrmex octospinosus ST040116-01,Acromyrmex octospinosus,NA
Acromyrmex octospinosus UGM020518-05,Acromyrmex octospinosus,NA
Acromyrmex rugosus rugosus,Acromyrmex rugosus rugosus,NA
actinian,Actiniaria,NA
Actinidia chinensis 'Hagward',Actinidia chinensis,NA
Actinidia chinensis (Actinidiaceae),Actinidia chinensis,NA
Actinidia chinensis (kiwifruit); cultivar: Hongyang,Actinidia chinensis,NA
Actinidia chinensis cv. Hongyang,Actinidia chinensis,NA
Actinidia chinensis Planch,Actinidia chinensis,NA
Actinidia chinensis; variety Hongyang (kiwifruit),Actinidia chinensis,NA
Actinidia deliciosa cv. Hayward,Actinidia deliciosa,NA
Actinidia spp.,Actinidia,NA
Actinidiae,Actinidia,NA
Actinosporean; Tubefex tubifex,Tubifex tubifex,NA
Adianthum,Adiantum,NA
Adiantum sp.,Adiantum,NA
adlay,Coix lacryma-jobi,NA
Adoxophyes privatana,Adoxophyes privatana,NA
"adult black ant (Ochetellus spp., Hymenoptera)",Ochetellus,NA
adult HIV-negative male,Homo sapiens,NA
adult HIV-positive male,Homo sapiens,NA
adult insect,Insecta,NA
"adult Longhorn beetle (Anoplophora sp., Coleoptera)",Anoplophora,NA
adult midge,Diptera,NA
aecanut,Areca catechu,NA
Aedes cantator; Acanthocyclops vernalis,NA,NA
Aegopodium podagraria L.,Aegopodium podagraria,NA
Aegopsis bolboceridus,Aegopsis bolboceridus,NA
Aeneolamia (Hemiptera: Cercopidae),Aeneolamia,NA
Aeneolamia postica,Aeneolamia postica,NA
Aeneolamia postica (Homoptera: Cercopidae),Aeneolamia postica,NA
Aeneolamia sp.,Aeneolamia,NA
Aeneolamia sp. [Hemiptera: Cercopidae],Aeneolamia,NA
Aesculus sp.,Aesculus,NA
Aethina tumida Murray (Coleoptera: Nitidulidae),Aethina tumida,NA
Aethus sp.,Aethus,NA
aflalfa,Medicago sativa,NA
African palm,Elaeis guineensis,NA
agaric,Agaricomycotina,NA
agaricoid basidiomycete,Agaricomycotina,NA
Agaricoid basidiomycete,Agaricomycotina,NA
agarics,Agaricomycotina,NA
Agaricus bisporus (button mushroom),Agaricus bisporus,NA
Agaricus bisporus (Button mushroom),Agaricus bisporus,NA
Agaricus bisporus cultivation,Agaricus bisporus,NA
"Agaricus bisporus, casing",Agaricus bisporus,NA
"Agaricus bisporus, soil",Agaricus bisporus,NA
Agaricus sylvestris,Agaricus,NA
Agarum cribrosum,Agarum cribrosum,NA
agarwood,Aquilaria,NA
Agathis sp. cf. A. australis,Agathis,NA
Agave angustifolia (Agavaceae),Agave angustifolia,NA
Agave tequilana Weber,Agave tequilana,NA
Agave tequilana Weber var azul,Agave tequilana,NA
Aglanonema,Aglaonema,NA
Aglaomorpha quercifolia (synonym: Drynaria quercifolia),Aglaomorpha quercifolia,NA
Aglaonema hybrid cultivar; cultivar: Ruby Garuda,Aglaonema hybrid,NA
Agricultural field,NA,NA
agricultural soil,NA,NA
agricultural wheat soil,Triticum,NA
Agricultural Wheat Soil,Triticum,NA
Agriculture,NA,NA
Agrilus mali gut,Agrilus mali,NA
Agropyron ciliare var. minus,Agropyron ciliare,NA
Agrostis nigra,Agrostis nigra,NA
Agrostis stolonifera cv. Penncross,Agrostis stolonifera,NA
Agrostis x murbeckii,Agrostis,NA
Agrotis ipsilon (cutworm),Agrotis ipsilon,NA
Agrumes,Citrus,NA
air,NA,NA
Air,NA,NA
airspora,NA,NA
Airspora,NA,NA
Ajwain,Trachyspermum ammi,NA
Akebia trifoliata (Thunb.) Koidz.,Akebia trifoliata,NA
Albizia lebbeck (tree),Albizia lebbeck,NA
Alcea sp.,Alcea,NA
alder,Alnus,NA
Alectoria ochroleuca + nigricans,Alectoria,NA
Aleurodes lonicerae Walke (honeysuckle whitefly),Aleurodes lonicerae,NA
Aleurodicus sp. (white fly),Aleurodicus,NA
Aleyrodes asari,Aleyrodes asari,NA
Alfafa,Medicago sativa,NA
Alfalfa (Medicago sativa),Medicago sativa,NA
alfalfa plant,Medicago sativa,NA
"Alfalfa, root",Medicago sativa,NA
alga,NA,NA
alga Hypnea pannosa,Hypnea pannosa,NA
Algae,NA,NA
Algeria,NA,NA
Allium cepa L.,Allium cepa,NA
Allium cepa L. (onion),Allium cepa,NA
Allium cepa L. (Red onion),Allium cepa,NA
Allium cepa L. var. multiplcans Baileysyn. var. Agrogatum Don,Allium cepa,NA
Allium cepa var. Agrogatum,Allium cepa,NA
Alliumsativum,Allium sativum,NA
Almonds/cashews,Rosids,NA
Almondsp.,Prunus amygdalus,NA
Alniphagus aspericollis (beetle),Alniphagus aspericollis,NA
Alnus acuminata (voucher BPI 879214),Alnus acuminata,NA
Alnus acuminata (voucher BPI 879219),Alnus acuminata,NA
Alnus glutinosa (L.) Gaertn.,Alnus glutinosa,NA
Alnus glutinosa (voucher BPI 879226),Alnus glutinosa,NA
Alnus glutinosa (voucher BPI 879227),Alnus glutinosa,NA
Alnus glutinosa (voucher BPI 879228),Alnus glutinosa,NA
Alnus glutinosa Gaertn.,Alnus glutinosa,NA
Alnus hirsuta var. sibirica (voucher BPI 879227),Alnus hirsuta,NA
Alnus inacana,Alnus incana,NA
Alnus maritima (voucher BPI 879232),Alnus maritima,NA
Alnus maritima (voucher BPI 879250),Alnus maritima,NA
Alnus rubra (voucher BPI 879199),Alnus rubra,NA
Alnus rubra (voucher BPI 879200),Alnus rubra,NA
Alnus rubra (voucher BPI 879202),Alnus rubra,NA
Alnus rubra (voucher BPI 879203),Alnus rubra,NA
Alnus rubra (voucher BPI 879204),Alnus rubra,NA
Alnus rubra (voucher BPI 879206),Alnus rubra,NA
Alnus rugosa (voucher BPI 879223),Alnus rugosa,NA
Alnus rugosa (voucher BPI 879224),Alnus rugosa,NA
Alnus rugosa (voucher BPI 879229),Alnus rugosa,NA
Alnus rugosa (voucher BPI 879247),Alnus rugosa,NA
Alnus serrulata (voucher BPI 879231),Alnus serrulata,NA
Alnus serrulatoides Callier,Alnus serrulatoides,NA
Alnus sinuata (voucher BPI 878446),Alnus sinuata,NA
Alnus sinuata (voucher BPI 879210),Alnus sinuata,NA
Alnus sp. (voucher BPI 879242),Alnus,NA
Alnus tenuifolia (voucher BPI 879211),Alnus tenuifolia,NA
Alnus tenuifolia (voucher BPI 879239),Alnus tenuifolia,NA
Alnus tenuifolia (voucher BPI 879240),Alnus tenuifolia,NA
Alnus tenuifolia (voucher BPI 879241),Alnus tenuifolia,NA
Alnusmaritima,Alnus maritima,NA
Alnuspendula,Alnus pendula,NA
Alocasia odora (Roxb.) k. Koch,Alocasia odora,NA
Aloe vera leaf,Aloe vera,NA
Aloevera,Aloe vera,NA
Alopeculus aequalis var. amurensis,Alopeculus aequalis,NA
Alopecurus aequalis var. amurensis,Alopecurus aequalis,NA
Alopercurus myosuroides,Alopercurus myosuroides,NA
Alovera,Aloe vera,NA
alpine meadow soil,NA,NA
Alpinia sp.,Alpinia,NA
Amaranthis viridis,Amaranthis viridis,NA
Amaranthus leaf webber,Spoladea recurvalis,NA
Amarathus,Amaranthus,NA
Amarathus sp.,Amaranthus,NA
Amazonic Rainforest,NA,NA
ambrosia beetle Scolytodes unipunctatus,Scolytodes unipunctatus,NA
Amelanchier sp.,Amelanchier,NA
Amellus microglossus DC.,Amellus microglossus,NA
Amellus nanus DC.,Amellus nanus,NA
Ammobium alatum R. Br.,Ammobium alatum,NA
Amomum sp.,Amomum,NA
Amomum villosum Lour.,Amomum villosum,NA
amphipod,Amphipoda,NA
an ant,Formicidae,NA
an bee,Apoidea,NA
an beetle,Coleoptera,NA
An Indoor Cats,Felis catus,NA
an insect in the order lepidoptera,Lepidoptera,NA
an Insect of Coleoptera,Coleoptera,NA
an insect of Coleoptera,Coleoptera,NA
an Insect of lepidoptera,Lepidoptera,NA
an Ladybug,Coccinellidae,NA
an Lardbug,Coleoptera,NA
an ponerine,Ponerinae,NA
an pupa,Insecta,NA
an spider,Araneae,NA
An unidentified herbaceous plants,Viridiplantae,NA
an unidentified plant,Viridiplantae,NA
An unidentified Poaceae plant,Poaceae,NA
an unidentified Poaceae plant,Poaceae,NA
An unidentified Poaceae plants,Poaceae,NA
An unidentified woody plant,Viridiplantae,NA
an unknown angiosperm,Magnoliophyta,NA
an unknown deciduous host,Tracheophyta,NA
Anacardium excelsum (Anacardiaceae),Anacardium excelsum,NA
Anacardium othonianum (cajui),Anacardium othonianum,NA
Anacardium sp.,Anacardium,NA
Anaheim pepper,Capsicum annuum,NA
Ananas comosus; voucher: MFLU:23-0219,Ananas comosus,NA
Ananus,NA,NA
Anaphalis contorta (endophyte),Anaphalis contorta,NA
Anaphalis contorta root (Endophyte),Anaphalis contorta,NA
Anaphalis contorta; endophyte,Anaphalis contorta,NA
and,NA,NA
Andriasdavidianus,Andrias davidianus,NA
Andropogon sp.,Andropogon,NA
Anemone coronaria L. cv. Rosso Mistral Plus,Anemone coronaria,NA
Anemone nemorosa L.,Anemone nemorosa,NA
Anemone ranunculoides L.,Anemone ranunculoides,NA
Anemone ranunculoides L. infected with Tranzschelia pruni-spinosae (Pers.) Dietel,Anemone ranunculoides,NA
Anemone tomentosa (Maxim.) C. Pei,Anemone tomentosa,NA
Angelicae Dahuricae Radix,Angelica dahurica,NA
angiosperm,Magnoliophyta,NA
Angiosperm,Magnoliophyta,NA
angiospermata,Magnoliophyta,NA
animal,Metazoa,NA
Animal,Metazoa,NA
animal fecal,Metazoa,NA
Animal Leather,Metazoa,NA
Animal wastes,Metazoa,NA
Annella sp. (sea fan),Annella,NA
Annona cherimola cv. Concha Lisa,Annona cherimola,NA
Annona muricata L.,Annona muricata,NA
Annona squamosa L.,Annona squamosa,NA
annual sunflower,Helianthus annuus,NA
Annulohypoxylon cf. cohaerens,Annulohypoxylon cf. cohaerens,NA
Annulohypoxylon cf. multiforme,Annulohypoxylon cf. multiforme,NA
Anoplognathus sp.,Anoplognathus,NA
Anoplophora sp.; adult,Anoplophora,NA
ant,Formicidae,NA
Ant,Formicidae,NA
ant body,Formicidae,NA
Ant Carton Nest,Formicidae,NA
Ant nest,Formicidae,NA
ant-bear skin,Orycteropus afer,NA
"Ant, Hymenoptera",Formicidae,NA
ant; adult,Formicidae,NA
Antaeotricha (Lepidoptera: Stenomidae),Antaeotricha,NA
Antephora,NA,NA
Antheraea assamensis Helfer,Antheraea assamensis,NA
Antheraea pernyi Geurin-Meneville,Antheraea pernyi,NA
Anthonotha sp.,Anthonotha,NA
Anthonotha sp.,Anthonotha,NA
ANTHU,NA,NA
Anthurium affine,Anthurium,NA
Anthurium sp.,Anthurium,NA
Antiteuchus innocens,Antiteuchus innocens,NA
Antiteuchus sp.,Antiteuchus,NA
Anubias barteri var. nana,Anubias barteri ,NA
Aonidiella aurantii on lemon (Citrus x limon),Aonidiella,NA
Aonidiella aurantii on sweet orange (Citrus x aurantium),Aonidiella,NA
Aonidiella aurantii on Washington navel orange (Citrus x aurantium),Aonidiella,NA
Aphanocalyx sp.,Aphanocalyx,NA
Aphanocalyx sp.,Aphanocalyx,NA
aphid,Aphidoidea,NA
Aphidoidea sp.,Aphidoidea,NA
Aphrophoridae sp. (Homoptera),Aphrophoridae,NA
aphyllophoralean basidiomycete,Agaricomycetes,NA
Apioscelis columbica,Apioscelis columbica,NA
Apium sp.,Apium,NA
Apium sp.,Apium,NA
Aplle,Malus domestica,NA
Apocheima cinerarium; pupae,Apocheima cinerarium,NA
Apocryta,Apocrita,NA
Apolecta lewisii (adult),Apolecta lewisii,NA
Apple (Malus domestica),Malus domestica,NA
Apple (Malus domestica),Malus domestica,NA
Apple (Malus spp.),Malus,NA
apple (Malus) cv. Golden Delicious,Malus domestica,NA
apple (Malus) cv. Golden Delicious,Malus domestica,NA
apple (Malus) cv. Pink Lady,Malus domestica,NA
Apple (Malus) cv. Pink Lady,Malus domestica,NA
apple (Malus) cv. Pink Lady,Malus domestica,NA
Apple (Malus) cv. Pink Lady,Malus domestica,NA
apple branch,Malus domestica,NA
apple cultivar 'Galeuse (syn. Pigeonnet d'Armor)',Malus domestica,NA
apple cultivar 'Galeuse (syn. Pigeonnet d'Armor)',Malus domestica,NA
apple cultivar Alkmene,Malus domestica,NA
apple cultivar Alkmene,Malus domestica,NA
apple cultivar Braeburn,Malus domestica,NA
apple cultivar Cox O.P.,Malus domestica,NA
apple cultivar Elstar,Malus domestica,NA
apple cultivar Elstar,Malus domestica,NA
apple cultivar Eysden,Malus domestica,NA
apple cultivar Eysden,Malus domestica,NA
apple cultivar Gala,Malus domestica,NA
apple cultivar Gala,Malus domestica,NA
apple cultivar Gloster,Malus domestica,NA
apple cultivar Gloster,Malus domestica,NA
apple cultivar Golden,Malus domestica,NA
apple cultivar Golden delicious,Malus domestica,NA
apple cultivar Golden delicious,Malus domestica,NA
apple cultivar Granny Smith,Malus domestica,NA
apple cultivar Henri Van Dievoet,Malus domestica,NA
apple cultivar Idared,Malus domestica,NA
apple cultivar Jonathan,Malus domestica,NA
apple cultivar Marie Josee Othee,Malus domestica,NA
apple cultivar Merlijn,Malus domestica,NA
apple cultivar Merlijn,Malus domestica,NA
apple cultivar Pinova,Malus domestica,NA
apple cultivar Rifbjerg Skarlagen Pearmin,Malus domestica,NA
apple cultivar Rifbjerg Skarlagen Pearmin,Malus domestica,NA
apple cultivar Royal Gala,Malus domestica,NA
apple cultivar Royal Gala,Malus domestica,NA
apple cultivar Topaz,Malus domestica,NA
apple cultivar Topaz,Malus domestica,NA
apple cultivear Ahrista,Malus domestica,NA
apple cultivear Ahrista,Malus domestica,NA
apple cv. Antej,Malus domestica,NA
apple cv. Antej,Malus domestica,NA
apple cv. Auksis,Malus domestica,NA
apple cv. Auksis,Malus domestica,NA
apple cv. Beloruskoje Malinovoje,Malus domestica,NA
apple cv. Bravo de Esmolfe,Malus domestica,NA
apple cv. Bravo de Esmolfe,Malus domestica,NA
apple cv. Cripps Pink,Malus domestica,NA
apple cv. Elstar,Malus domestica,NA
apple cv. Elstar,Malus domestica,NA
apple cv. Forele,Malus domestica,NA
apple cv. Forele,Malus domestica,NA
apple cv. Fuji,Malus,NA
apple cv. Granny Smith,Malus domestica,NA
apple cv. Granny Smith,Malus domestica,NA
apple cv. Jinhong,Malus domestica,NA
apple cv. Jinhong,Malus domestica,NA
apple cv. Ligol,Malus domestica,NA
apple cv. Ligol,Malus domestica,NA
apple cv. Lobo,Malus,NA
apple cv. Pink Lady,Malus domestica,NA
apple cv. Pink Lady,Malus domestica,NA
apple cv. Royal Gala,Malus domestica,NA
apple cv. Royal Gala,Malus domestica,NA
apple cv. Sinap Orlovskij,Malus domestica,NA
apple cv. Sinap Orlovskij,Malus domestica,NA
apple cv. Tellissaare,Malus domestica,NA
apple cv. Tellissaare,Malus domestica,NA
apple cv. Topred,Malus domestica,NA
apple cv. Topred,Malus domestica,NA
apple cv. Wellant,Malus domestica,NA
apple cv. Wellant,Malus domestica,NA
apple fruit,Malus domestica,NA
Apple fruit,Malus domestica,NA
Apple fruit,Malus domestica,NA
apple fruit var. golden delicious,Malus domestica,NA
apple fruit var. golden delicious,Malus domestica,NA
apple fruits,Malus domestica,NA
Apple gourd,Viridiplantae,NA
Apple Juice Concentrate,NA,NA
Apple leaf,Malus domestica,NA
Apple leaf,Malus domestica,NA
apple leave,Malus domestica,NA
apple leave,Malus domestica,NA
Apple plant,Malus domestica,NA
Apple plant,Malus domestica,NA
apple root borer (insect),Coleoptera,NA
apple rootstock M9,Malus,NA
Apple seedling,Malus,NA
Apple seedlings,Malus,NA
Apple tree live,Malus domestica,NA
Apple tree live,Malus domestica,NA
apple; cultivar Red Delicious,Malus domestica,NA
apple; cultivar Red Delicious,Malus domestica,NA
apple; cultivar: Golden delicious,Malus domestica,NA
apple; cultivar: Golden delicious,Malus domestica,NA
apple; cultivar: Red Delicious,Malus domestica,NA
apple; cultivar: starking,Malus domestica,NA
apple; cultivar: starking,Malus domestica,NA
apple; cultivar: Sweet tango,Malus domestica,NA
apple; cultivar: Sweet tango,Malus domestica,NA
apple; cv. Belle de Boskoop,Malus domestica,NA
apple; cv. Belle de Boskoop,Malus domestica,NA
apple; cv. Jonagold,Malus domestica,NA
apple; fruit,Malus domestica,NA
apple; fruit,Malus domestica,NA
Apple; Fuji,Malus domestica,NA
Apple; Fuji,Malus domestica,NA
apple; leaf,Malus domestica,NA
Apricot tree,Prunus,NA
Apricot tree (Cafona),Prunus,NA
Apricot tree (Vitilio),Prunus,NA
Apricot tree sapling,Prunus,NA
apricots,Prunus armeniaca,NA
Apterostigma cf. dentigerum,Apterostigma,NA
Apterostigma cf. pilosum,Apterostigma,NA
Apterostigma dorothea,Apterostigma dorothea,NA
Apterostigma sp. G4,Apterostigma,NA
Aquarium Fish,Actinopterygii,NA
Aquilariaagallocha(Lour.)Roxb,Aquilaria agallocha,NA
Arabidopsis thaliana TUB 011683,Arabidopsis thaliana,NA
Arabis breweri S. Watson (Brassicaceae),Arabis breweri,NA
Arabis demissa Greene (Brassicaceae),Arabis demissa,NA
Arabis demissa var. languida Rollins (Brassicaceae),Arabis demissa,NA
Arabis drummondii A. Gray (Brassicaceae),Arabis drummondii,NA
Arabis holboellii Hornem. (Brassicaceae),Arabis holboellii,NA
Arabis holboellii var. pinetorum (Tidestrom) Rollins (Brassicaceae),Arabis holboellii,NA
Arabis holboellii var. pinetorum (Tids.) Rollins (Brassicaceae),Arabis holboellii,NA
Arabis inyoensis Rollins (Brassicaceae),Arabis inyoensis,NA
Arabis lignifera A. Nels. (Brassicaceae),Arabis lignifera,NA
Arabis microphylla Nutt. ex Torrey & A. Gray (Brassicaceae),Arabis microphylla,NA
Arabis perennans S. Watson (Brassicaceae),Arabis perennans,NA
Arabis platysperma var. platysperma A. Gray (Brassicaceae),Arabis platysperma,NA
Arabis puberula Nutt. ex Torrey & Gray (Brassicaceae),Arabis puberula,NA
Arabis pulchra var. pallens M. E. Jones (Brassicaceae),Arabis pulchra,NA
Arabis rectissima E. L. Greene(Brassicaceae),Arabis rectissima,NA
Arabis selbyi Rydb. (Brassicaceae),Arabis selbyi,NA
Arabis suffructescens S. Wats.(Brassicaceae),Arabis,NA
Arabis X divaricarpa A. Nels.(Brassicaceae),Arabis,NA
arable,NA,NA
Arachis hypogaea (groundnut),Arachis hypogaea,NA
Arachis hypogaea L.,Arachis hypogaea,NA
Arachis hypogaea L. (peanut),Arachis hypogaea,NA
Arachis hypogaea L(peanut),Arachis hypogaea,NA
Arachnid,Arachnida,NA
Arachnid (Araneae),Araneae,NA
Arachnida (spider),Araneae,NA
Arachnidaa,Arachnida,NA
Araneae (spider),Araneae,NA
Araneae; spider,Araneae,NA
Aranei,Araneae,NA
Aranei (spider),Araneae,NA
Araneida,Araneae,NA
Archips sp. (pupa),Archips,NA
Arctiinae sp.,Arctiinae,NA
Arctotis fastuosa Jacq.,Arctotis fastuosa,NA
Areca catechu (arecanut),Areca catechu,NA
Areca sp.,Areca,NA
Arecaceae sp.,Arecaceae,NA
arecanut,Areca catechu,NA
Arecanut,Areca catechu,NA
Argyreia sp.,Argyreia,NA
Arhar,Cajanus cajan,NA
Aristida hystricula,Aristida hystricula,NA
Aristida laevis,Aristida laevis,NA
Aristida sp.,Aristida,NA
armoured scale,Diaspididae,NA
armyworm,Noctuidae,NA
aromatic trre,NA,NA
Artemesia indica,Artemesia indica,NA
Artemisia absinthium L.,Artemisia absinthium,NA
Artemisia alsinthium,Artemisia absinthium,NA
Artemisia annua L.,Artemisia annua,NA
Artemisia ordosica Krasch,Artemisia ordosica,NA
Arthemisia thuscula,Artemisia thuscula,NA
Arthoni,NA,NA
Arthrocladiella mougeotii ex Lycium halimifolium,Arthrocladiella mougeotii,NA
Arthrocladiella mougeotii infecting Lycium halimifolium,Arthrocladiella mougeotii,NA
arthropod,Arthropoda,NA
Artocarpus heterophyllus L,Artocarpus heterophyllus,NA
Arum sp.,Arum,NA
Arundo sp.,Arundo,NA
Ascidean,Ascidiacea,NA
ascidian Styela plicata,Styela plicata,NA
ascoma,Ascomycota,NA
ascomycete stromata,Ascomycota,NA
Ascophyllum nodosum ecad scorpioides,Ascophyllum nodosum,NA
ascospores,Ascomycota,NA
ash,Fraxinus,NA
Ash,Fraxinus,NA
Ash weevils: Myllocerus,Ash weevils,NA
Ashoka,Saraca asoca,NA
asian corn borner cadaver,Ostrinia furnacalis,NA
Asopalav,NA,NA
Asparaguscochinchinensis,Asparagus cochinchinensis,NA
aspen,Populus,NA
Aspergillus flavus sclerotia,Aspergillus flavus,NA
Aspidistra sp.,Aspidistra,NA
Aspongpus chinensis Dauas,Aspongpus chinensis,NA
assassin bug,Reduviidae,NA
associated with Dicymbe species,Dicymbe,NA
associated with Histiogaster arborsignis (phoretic carrier),Histiogaster arborsignis,NA
associated with leaf dieback of pineapple,Ananas comosus,NA
Associates with Ophiocordyceps humbertii,NA,NA
association with Quercus,Quercus,NA
Astelia sp.,Astelia,NA
Aster ageratoides subsp. ovatus,Aster ageratoides,NA
Aster salignus,Aster,NA
Aster tataricus L. f.,Aster tataricus,NA
Astragalus membranaceus (Fisch.) Bunge,Astragalus membranaceus,NA
Astrocarium,Astrocaryum,NA
Astrocarium leaves,Astrocarium,NA
Atlantic Forest Biome,NA,NA
Atractylodes macrocephala Koidz,Atractylodes macrocephala,NA
Atractylodis chinensis,Atractylodis chinensis,NA
Atrijuglans hetaohei Yang,Atrijuglans hetaohei,NA
Atriplex portulacoides (L.) Aellen,Atriplex portulacoides,NA
Atta cf. cephalotes,Atta cf. cephalotes,NA
Atta sexdens rubropilos,Atta sexdens rubropilos,NA
attine ant,Attini,NA
Attini ant,Attini,NA
Attini sp.,Attini,NA
Attini sp. (ant),Attini,NA
Aubergine/Eggplant,Solanum melongena,NA
Aucuba japonica (Aphidoidae on a leaf),Aucuba japonica,NA
Auricularia polytricha (Mont.) Sacc.,Auricularia polytricha,NA
Aurificaria euphoria,Aurificaria euphoria,NA
Avacado,Persea americana,NA
avacado,Persea americana,NA
Avena spp.,Avena,NA
Avicennia marina (mangrove),Avicennia marina,NA
avocado fruit,Persea americana,NA
Axenic culture,NA,NA
Axinella polypoides (sponge),Axinella polypoides,NA
Axis axis (female axis deer),Axis axis,NA
Axonopus sp.,Axonopus,NA
Azadirachta indica (Endophyte),Azadirachta indica,NA
Azadirachta indica (endophyte),Azadirachta indica,NA
Azadirachta indica; endophyte,Azadirachta indica,NA
azalea,Rhododendron,NA
Azalea,Rhododendron,NA
B. gymnorrhiza,Bruguiera gymnorhiza,NA
bababa,NA,NA
Baboon,Papio,NA
Bachypodium sylvaticum,Bachypodium sylvaticum,NA
Baculum elongatum,Baculum elongatum,NA
bajara,Cenchrus americanus,NA
bajra,Cenchrus americanus,NA
Bajra,Cenchrus americanus,NA
Balanophora polyandra,Balanophora polyandra,NA
Balanophora polyandra Griff.,Balanophora polyandra,NA
Balloon vine,Cardiospermum halicacabum,NA
balsam,NA,NA
Baltic sea,NA,NA
bamboo (Poaceae),Bambusoideae,NA
Bamboo (Poaceae),Bambusoideae,NA
bamboo (poaceae),Bambusoideae,NA
bamboo aphid,Aphididae,NA
bamboo rat,Rhizomyinae,NA
"Bamboo rat, spleen",Rhizomyinae,NA
bamboo rats,Rhizomyinae,NA
Bamboo sp.,Bambusoideae,NA
bamboo species (Poaceae),Bambusoideae,NA
bamboo stalk,Bambusoideae,NA
bamboo stem,Bambusoideae,NA
Bamboo tree,Bambusoideae,NA
Bamboo tree trunk,Bambusoideae,NA
Bamboo trunk (Poaceae),Bambusoideae,NA
Bambusa pervariabilis x Dendrocalamopisis grandis,Bambusa,NA
Bambusa sp.,Bambusa,NA
Bambusae,Bambusoideae,NA
Bambusodeae,Bambusoideae,NA
banana,Musa,NA
Banana,Musa,NA
Banana (Musa sp.),Musa,NA
Banana BFSB,Musa,NA
Banana fruit,Musa,NA
banana pseduostem weevil,Odoiporus longicollis,NA
Banana var. Grand Naine,Banana,NA
banana; BFSB,Musa,NA
banana; cv. Karpooravalli (ABB),Musa,NA
banana; cv. Ney Poovan (AB),Musa,NA
banana; India,Musa,NA
bananas,Musa,NA
Banisteriopsis sp.,Banisteriopsis,NA
Banna,NA,NA
bannana,Musa,NA
Barberry trees,Berberis,NA
barely,Hordeum vulgare,NA
Barely,Hordeum vulgare,NA
Barely seeds,Hordeum vulgareseeds,NA
bark,Viridiplantae,NA
Bark and Chinaberry Trees,Melia azedarach,NA
Bark and Wood Eucalyptus,Eucalyptus,NA
Bark and Wood of Eucalyptus and Bark of Chinaberry,Rosids,NA
Bark and Wood of Eucalyptus and Chinaberry Trees,Rosids,NA
bark beetle,Scolytinae,NA
bark beetle Chaetoptelius vestitus,Chaetoptelius vestitus,NA
bark beetle Phleotribus scarabeoides,Phloeotribus scarabaeoides,NA
bark beetle Scolytus carpini,Scolytus carpini,NA
bark beetle Scolytus intricatus,Scolytus intricatus,NA
Bark chinaberry,Melia azedarach,NA
bark of a fallen branch,Viridiplantae,NA
bark of Betula sp.,Betula,NA
bark of broadleaf (Fraxinus excelsior?),Fraxinus,NA
Bark of Eucalyptus and Chinaberry Tree,Viridiplantae,NA
bark of large Quercus pyrenaica tree,Quercus pyrenaica,NA
Bark of Mangifera indica,Mangifera indica,NA
Bark of Pear tree,Pyrus,NA
bark of Populus tremula,Populus tremula,NA
Bark of unidentified tree,Viridiplantae,NA
bark of unknown plant,Tracheophyta,NA
Bark ofdead Bauhinia sp.,Bauhinia,NA
Bark tissue of Withania somnifera,Withania somnifera,NA
Bark Wood Eucalyptus,Eucalyptus,NA
Barley (Hordeum vulgare),Hordeum vulgare,NA
barley (w-395),Hordeum vulgare,NA
barley cv. Braemar,Hordeum vulgare,NA
barley head,Hordeum,NA
barley stem base,Hordeum vulgare,NA
"barley, cv Aheloj-2",Hordeum vulgare,NA
Barnyard Millet,Echinochloa,NA
bartlett,Pyrus communis,NA
Basella alba (pui),Basella alba,NA
Basella alba (synonym: Basella rubra),Basella alba,NA
basidiocarp,Basidiomycota,NA
basidiome,Basidiomycota,NA
basidiospores,Basidiomycota,NA
Basilepta fulvicorne (cardamom root grub),Basilepta fulvicorne,NA
Basilio,NA,NA
bat,Chiroptera,NA
Bat,Chiroptera,NA
"bat (Eptesicus serotinus), fur",Eptesicus serotinus,NA
"bat (Myotis dasyscneme), fur",Myotis,NA
"bat (Myotis daubentonii), fur",Myotis daubentonii,NA
"bat (Myotis emarginatus), fur",Myotis emarginatus,NA
"bat (Myotis mystacinus), fur",Myotis mystacinus,NA
"bat (Myotis natteri), fur",Myotis nattereri,NA
"bat (Plecotus auritus), fur",Plecotus auritus,NA
bat guano,Chiroptera,NA
bat moth larve,Hepialidae,NA
Bathilagus antarcticus,Bathilagus antarcticus,NA
Batra,NA,NA
Bauhinia brachycarpa Benth,Bauhinia brachycarpa,NA
Bauhinia sp. (Fabaceae),Bauhinia,NA
Bay leaf(Cinnamomum tamala),Cinnamomum tamala,NA
BB Banana Plant,Musa,NA
beam in the water mill,NA,NA
bean,Phaseolus,NA
bean pear,NA,NA
bean root,Phaseolus,NA
bean seed,Phaseolus,NA
Bean seeds,Fabaceae,NA
Beans,Phaseolus,NA
Beaver,Castor,NA
beech,Fagus,NA
Beech,Fagus,NA
beef cattle,Bos taurus,NA
beetle,Coleoptera,NA
Beetle,Coleoptera,NA
beetle (Anthribidae),Anthribidae,NA
beetle (Nitidulidae),Nitidulidae,NA
beetle larvae,Coleoptera,NA
Beetle vine,Piper betle,NA
"Beetle, Coleoptera",Coleoptera,NA
Beetroot,Beta vulgaris,NA
beetroot,Beta vulgaris,NA
begonia cultivar Rieger,Begonia,NA
bell or chili pepper,Capsicum annuum,NA
Bell pepper,Capsicum annuum,NA
bell pepper,Capsicum annuum,NA
Bellis perennis L.,Bellis perennis,NA
bentgrass,Agrostis,NA
Berberis vulgaris subsp. seroi,Berberis vulgaris,NA
bergamot,Citrus bergamia,NA
bermudagrass,Cynodon dactylon,NA
Bermudagrass,Cynodon dactylon,NA
berseem,Trifolium alexandrinum,NA
Berseem,Trifolium alexandrinum,NA
bersim,Trifolium alexandrinum,NA
Beta sp.,Beta,NA
Beta sp. (in: eudicots),Beta,NA
Beta vulgaris (sugar beet),Beta vulgaris,NA
Beta vulgaris (Table beet),Beta vulgaris,NA
Beta vulgaris (tissue culture),Beta vulgaris,NA
Beta vulgaris cv. Phillipa,Beta vulgaris,NA
Beta vulgaris L.,Beta vulgaris,NA
Beta vulgaris L. subsp. cicla,Beta vulgaris,NA
Beta vulgaris L. var. saccharifera Lange,Beta vulgaris,NA
Beta vulgaris ssp. vulgaris,Beta vulgaris,NA
Beta vulgaris subsp. vulgaris (var. saccharifera),Beta vulgaris,NA
Beta vulgaris subsp. vulgaris; cultivar: Detroit Dark Red Medium Top,Beta vulgaris,NA
Beta vulgaris var. cicla (swiss chard),Beta vulgaris,NA
Beta vulgaris var. cicla L,Beta vulgaris,NA
Beta vulgaris var. cicla L.,Beta vulgaris,NA
Beta vulgaris var. cycla,Beta vulgaris,NA
Beta vulgaris var. rapacea,Beta vulgaris,NA
Beta vulgaris var. rubra,Beta vulgaris,NA
Beta vulgaris var. saccharifera L.,Beta vulgaris,NA
"Beta vulgaris var. saccharum, L",Beta vulgaris,NA
Beta vulgaris var. vulgaris,Beta vulgaris,NA
beta vulgaris var. vulgaris,Beta vulgaris,NA
Beta vulgaris var. vulgaris (table beet),Beta vulgaris,NA
Beta vulgaris var.cicla,Beta vulgaris,NA
Betelvine,Piper betle,NA
betelvine,Piper betle,NA
Beterraba,Beta vulgaris,NA
beticola,NA,NA
Betilla striata (Thunb.)Reichb.f,Bletilla striata,NA
Betula alleghaniensis (voucher BPI 879243),Betula alleghaniensis,NA
Betula pendula (voucher BPI 879251),Betula pendula,NA
Betula sp. (voucher BPI 843497),Betula,NA
Betula sp. (voucher BPI 872328),Betula,NA
bfx04,NA,NA
Bharangi,NA,NA
Bhendi,Abelmoschus esculentus,NA
bhendi,Abelmoschus esculentus,NA
Bhindi,Abelmoschus esculentus,NA
birch,Betula,NA
Birch,Betula,NA
Bird,Aves,NA
bird feathers,Aves,NA
bird feed crushed corn mixed barley and wheat chick feed,NA,NA
Bird feed Crushed corn Mixed barley and wheat Chick feed,NA,NA
birdrape,Brassica rapa,NA
Bison,bison,NA
Bittergourd,Momordica charantia,NA
black bug,Cydnidae,NA
Black pepper,Piper nigrum,NA
Black Pepper,Piper nigrum,NA
black pepper,Piper nigrum,NA
Black Pepper (Piper nigrum),Piper nigrum,NA
Black pine hairy catterpilar Thaumetopoea pityocampa,Thaumetopoea pityocampa,NA
Black Tulsi,Ocimum tenuiflorum,NA
Black Turmeric,Curcuma caesia,NA
black wattle root press,Acacia mearnsii,NA
black-wattle minicutting,Acacia mearnsii,NA
blackberry,Rubus,NA
blackberry cv. Prime-Ark 45,Rubus,NA
blackcurrant,Ribes nigrum,NA
Blackcurrant,Ribes nigrum,NA
Blackgram,Vigna mungo,NA
blackgram,Vigna mungo,NA
blister beetle,Meloidae,NA
"Blontispa longissima, Larva",Brontispa longissima,NA
blood,NA,NA
BLSNC,NA,NA
blue-stained woods of Pinus thunbergii,Pinus thunbergii,NA
BLUEBERRIES,Vaccinium,NA
blueberry,Vaccinium,NA
blueberry (Vaccinium corymbosum) floral nectar,Vaccinium corymbosum,NA
Bogotacris peruvianus,Bogotacris peruvianus,NA
Bolbocerosoma nigroplagiatum,Bolbocerosoma nigroplagiatum,NA
bolete mushroom,Boletales,NA
"Bombus ardenss ardens, adult female",Bombus ardenss,NA
Bombyx mori L,Bombyx mori,NA
Bombyx mori L.,Bombyx mori,NA
Bombyx mori Linnaeus,Bombyx mori,NA
Bone,Metazoa,NA
bor dhan,Oryza sativa,NA
boreal redback vole,Myodes gapperi,NA
borer,Insecta,NA
bostrichid beetle (Coleoptera: Bostrichidae),Bostrichidae,NA
Bottlegourd,Lagenaria siceraria,NA
boulder,NA,NA
Box,Buxus,NA
Boxwood,Buxus,NA
boxwood,Buxus,NA
boysenberry,Rubus,NA
Boysenberry,Rubus,NA
Brachiaria sp.,Brachiaria,NA
Brachyletrum erectum,Brachyletrum erectum,NA
Brachystegia sp.,Brachystegia,NA
Bradypus variegatus (sloth),Bradypus variegatus,NA
branch,Viridiplantae,NA
branches,Viridiplantae,NA
Brassica compestris,Brassica rapa,NA
Brassica juncea L. (Indian Mustard),Brassica juncea,NA
Brassica napus L.,Brassica napus,NA
Brassica oleracea capitata,Brassica oleracea,NA
Brassica oleracea italica,Brassica oleracea,NA
Brassica oleracea var. italica (Mugnoli),Brassica oleracea,NA
Brassica oleracea var. italica (Parthenon),Brassica oleracea,NA
Brassica rapa var. cymosa,Brassica rapa,NA
Brassica rapa var. cymosa (Turnip),Brassica rapa,NA
brave straw,Poaceae,NA
Brazil,NA,NA
bricks,NA,NA
Brigitta,NA,NA
British bluebell,Hyacinthoides non-scripta,NA
broadbean,Vicia faba,NA
broadleaved tree,Magnoliophyta,NA
brome grass,Bromus,NA
bromeliad,Bromeliaceae,NA
bromeliads,Bromeliaceae,NA
Bromus catharticus var elatus,Bromus catharticus,NA
Bromus diandrus var rigidus,Bromus diandrus,NA
Bromus hordeaceus subsp hordeaceus,Bromus hordeaceus,NA
Broncoli,Brassica oleracea,NA
Brontispa longissima (Gestro),Brontispa longissima,NA
Brontispa longissima Gestro,Brontispa longissima,NA
Broomrape,Orobanche,NA
Broth,NA,NA
brown plant hopper,Nilaparvata lugens,NA
Brucea mollis Wall. ex Kurz,Brucea mollis,NA
Bryophyte,Bryophyta,NA
Buckinghamia sp.,Buckinghamia,NA
buckwheat,Fagopyrum esculentum,NA
Buckwheat,Fagopyrum esculentum,NA
Buddleja globosa Hope,Buddleja globosa,NA
buffalo,Bovidae,NA
Buffalo,Bovidae,NA
Buffle grass,Cenchrus ciliaris,NA
bug,Insecta,NA
bulb,Viridiplantae,NA
bull,Bos taurus,NA
bumblebee,Bombus,NA
Bupleurum chinense DC,Bupleurum chinense,NA
Bupleurum chinense DC.,Bupleurum chinense,NA
Butter,NA,NA
Button mushroom,Agaricus bisporus,NA
Buxus microphylla var. japonica 'Green Beauty',Buxus microphylla,NA
Buxus sempervirens 'Arborescens',Buxus sempervirens,NA
Buxus sempervirens (common box),Buxus sempervirens,NA
Buxus sempervirens cultivar 'Suffruticosa',Buxus sempervirens,NA
Buxus sempervirens cv. Suffruticosa,Buxus sempervirens,NA
Buxus sempervirens subsp. hyrcana (Pojark.) Takht,Buxus sempervirens,NA
Buxus sempervirens var. suffruticosa,Buxus sempervirens,NA
Buxus sempervirens x B. microphylla var. koreana,Buxus,NA
Buxus sempervirens; cultivar Suffruticosa,Buxus sempervirens,NA
Buxus sinica var. koreana,Buxus sinica,NA
Buxus sp.,Buxus,NA
C. arientium,Cicer arietinum,NA
C. italicus,Calliptamus italicus,NA
C. Italicus,Calliptamus italicus,NA
C. limon,Citrus limon,NA
C. maxima,Citrus maxima,NA
C. paradisi,NA,NA
C. reticulata,Citrus reticulata,NA
C. sinensis,Citrus sinensis,NA
C. unshiu,Citrus unshiu,NA
C. x limon,Citrus,NA
Cabbage butterfly larva,Pieris,NA
Cacalia hastata subsp. orientalis var. tanakae,Cacalia hastata,NA
cacti,Cactaceae,NA
cactus,Cactaceae,NA
Cactus Pilosocereus royenii,Pilosocereus royenii,NA
Cactus sp.,Cactaceae,NA
Cadamba tree,Neolamarckia cadamba,NA
Caesalpiniaceae,Fabaceae,NA
Cajanus cajan (L) Millsp.,Cajanus cajan,NA
Caladenia attingens subsp. attingens,Caladenia attingens,NA
Caladenia caesarea subsp. transiens,Caladenia caesarea,NA
Caladenia flava subsp. flava,Caladenia flava,NA
Caladenia hirta subsp rosea,Caladenia hirta,NA
Caladenia longicauda subsp. borealis,Caladenia longicauda,NA
Caladenia longicauda subsp. eminens,Caladenia longicauda,NA
Calamagrostis sp.,Calamagrostis,NA
Calamagrostis villosus,Calamagrostis villosus,NA
Calamus sp.,Calamus,NA
Calendula officinalis L.,Calendula officinalis,NA
Calendula sp.,Calendula,NA
calf,Bos taurus,NA
Calf,Bos taurus,NA
Callimico goeldi,Callimico goeldii,NA
Callistemon sp.,Callistemon,NA
Callistemon sp. (rouge),Callistemon,NA
Callyspongia sp. (sponge),Callyspongia,NA
Calocedrus formosana (Florin) Florin,Calocedrus formosana,NA
Calonectria caespitosa,Calonectria,NA
Calophyllum longifolium (Calophyllaceae),Calophyllum longifolium,NA
calves,Bos taurus,NA
Calycanthus sp.,Calycanthus,NA
camel,Camelus,NA
Camellia japonica L. 'Blood of China',Camellia japonica,NA
Camellia sinensis (tea),Camellia sinensis,NA
Camellia sinensis cultivar Yabukita,Camellia sinensis,NA
Camellia sinensis L.,Camellia sinensis,NA
Camellia sinensis sub sp. assamica,Camellia sinensis,NA
Camellia sp.; sect. Chrysantha Chang,Camellia,NA
Camelliajapomica,Camellia japonica,NA
Camelliasp,Camellia,NA
Camelus bactrianus (Bactrian camel),Camelus bactrianus,NA
Cameraria ohridella; pupa,Cameraria ohridella,NA
Campanella sp. (in: basidiomycete fungi),Campanella,NA
Camponotus atriceps s.l.,Camponotus atriceps,NA
Camponotus japonicus; worker ant,Camponotus japonicus,NA
Camponotus obscuripes (queen ant),Camponotus obscuripes,NA
Camponotus pennsylvanicus; queen,Camponotus pennsylvanicus,NA
Camponotus sericeiventris s.l.,Camponotus sericeiventris,NA
Camponotus sp. 1,Camponotus,NA
Camponotus striatus s.l.,Camponotus striatus,NA
Camponotus tepicanus s.l.,Camponotus tepicanus,NA
Cana indica L.,Canna indica,NA
Cancer pagarus,Cancer pagurus,NA
canine,Canis lupus familiaris,NA
Canis aureus (golden jackal),Canis aureus,NA
Canna indica L.,Canna indica,NA
Cannabis sativa (hemp),Cannabis sativa,NA
Cannabis sativa (L.) cultivar Birthday Cake,Cannabis sativa,NA
Cannabis sativa (L),Cannabis sativa,NA
Cannabis sativa L.,Cannabis sativa,NA
Cantaloup,Cucumis melo,NA
Cantaloupe (Cucumis melo),Cucumis melo,NA
caprine,Capra,NA
Capsella bursa-postoris,Capsella bursa-pastoris,NA
Capsicum annuum (chilli),Capsicum annuum,NA
Capsicum annuum (pepper),Capsicum annuum,NA
Capsicum annuum L,Capsicum annuum,NA
Capsicum annuum L.,Capsicum annuum,NA
Capsicum annuum var. Anaheim,Capsicum annuum,NA
Carabid beetle,Carabidae,NA
Caraganafrutex,Caragana frutex,NA
carambola,Averrhoa carambola,NA
carb,NA,NA
cardamom whitefly,Singhiella cardamomi,NA
Caretta caretta; unhatched eggs,Caretta caretta,NA
Carex maquensis,Carex maquensis,NA
carex vaiginata,Carex vaginata,NA
Carica papaya fruit,Carica papaya,NA
Carica papaya/Calophyllum longifolium,Calophyllum longifolium,NA
Carica sp.,Carica,NA
Carota,Daucus carota,NA
Carpenter ant,Camponotus,NA
Carphoborus vandykei,Carphoborus,NA
Carpino,NA,NA
Carpinus betulus branches,Carpinus betulus,NA
Carpinus betulus L.,Carpinus betulus,NA
Carpocapsa pomonella,Carpocapsa pomonella,NA
Carpophore,Fungi,NA
carpophore,Fungi,NA
carrot cv. Bolero,Daucus carota,NA
carrot cv. Esperanza,Daucus carota,NA
carrot cv. Hanna,Daucus carota,NA
carrot cv. Natuna,Daucus carota,NA
Carrot rhizosphere,NA,NA
Carrot/Eucalyptus,Viridiplantae,NA
Carthamussp.,Carthamus,NA
Carya illinoinensis (Wangenh.) K. Koch,Carya illinoinensis,NA
Cashew wilt,NA,NA
cashew wilt,NA,NA
Cashewnut,Anacardium occidentale,NA
cassava (cultivar Kasetsart 50),Manihot esculenta,NA
Cassava (Manihot esculenta),Manihot esculenta,NA
cassava field soil,NA,NA
cassava; country Nigeria; CABI accession number IMI 333797,Manihot esculenta,NA
Cassia fistula (tree hopper),Cassia fistula,NA
Cassia tora Bark,Cassia tora,NA
Castanea sativa (nut),Castanea sativa,NA
Castaneasativa,Castanea sativa,NA
Castanopsis echinocarpa A. DC.,Castanopsis echinocarpa,NA
Casuarina equisetifolia (casurina),Casuarina equisetifolia,NA
Casuarina sp,Casuarina,NA
Casuarina sp.,Casuarina,NA
Catellya,Cattleya,NA
caterpillar,Lepidoptera,NA
CATERPILLAR,Lepidoptera,NA
Caterpillar,Lepidoptera,NA
Caterpillar Lepidoptera,Lepidoptera,NA
caterpillar of Lepidoptera,Lepidoptera,NA
"Caterpillar, Lepidoptera",Lepidoptera,NA
"caterpillar, Lepidoptera",Lepidoptera,NA
Cathranthus roseus,Catharanthus roseus,NA
cattle breed Karan Fries,Bos taurus,NA
cattle; breed: Karan fries,Bos taurus,NA
cattle; breed: Karan Fries,Bos taurus,NA
Cattleya sp.,Cattleya,NA
Cavendishia altroviolacea,Cavendishia,NA
Cavendishia chiriquensis,Cavendishia,NA
Cavendishia complectens (Ericaceae),Cavendishia complectens,NA
Cavendishia reginaldii,Cavendishia,NA
Cdin,NA,NA
Cebola,Allium cepa,NA
Cedar,Cupressaceae,NA
celandine,Magnoliopsida,NA
Celey,Apium graveolens,NA
Cenchrus americanus; local cultivar,Cenchrus americanus,NA
Cenoura,Daucus carota,NA
Centaurea stoebe (endophyte),Centaurea stoebe,NA
Centric diatom,Bacillariophyta,NA
Centric diatom (putative Melosira sp.),Melosira,NA
Centropogon glaucotomentosus,Centropogon glaucotomentosus,NA
Cephalcia lariciphila japonica,Cephalcia lariciphila,NA
Cephalcia tannourinensis,Cephalcia tannourinensis,NA
cerambycida,Cerambycidae,NA
Cerambycidae sp. (beetle),Cerambycidae,NA
ceraras,NA,NA
Cerastium viscosum,Cerastium,NA
cereal,Poaceae,NA
cerely,Apium graveolens,NA
Ceriopsis decandra,Ceriopsis decandra,NA
Ceroplastes floridensis Comstock,Ceroplastes floridensis,NA
Ceroplastes sp.,Ceroplastes,NA
Ceropoidea,Cercopoidea,NA
Cerops tagal,Cerops tagal,NA
Cerrado Biome,NA,NA
Cesalpiniaceae,Fabaceae,NA
Cestrum sp.,Cestrum,NA
"cf. Chamaemyia sp. (Diptera, Chamaemyiidae)",Chamaemyia,NA
cf. Syzygium,Syzygium,NA
Chamaecyparis sp.,Chamaecyparis,NA
Chamaedorea sp.,Chamaedorea,NA
Chamelaucium sp.,Chamelaucium,NA
Chameleon,Chamaeleonidae,NA
chandler,NA,NA
Chard,Beta vulgaris,NA
Chardonel,Vitis,NA
Chartella papyrea,Chartella papyrea,NA
Chasmanthium sp.,Chasmanthium,NA
Cheese,NA,NA
cheese,NA,NA
Cheitocostus speciosus,Cheilocostus speciosus,NA
chemotype II ex wheat,NA,NA
cherry,Prunus,NA
chesnut,Castanea,NA
chestnut,Castanea,NA
Chia,Salvia hispanica,NA
chick,Gallus gallus,NA
Chick pea,Cicer arietinum,NA
chick peach,NA,NA
Chicken bedding material and air,NA,NA
Chicken nest straw,Gallus gallus,NA
Chicken-bedding,Gallus gallus,NA
Chickpea collar,Cicer arietinum,NA
chickpea plants,Cicer arietinum,NA
Chickpea root,Cicer arietinum,NA
Chicks Ross-308,Gallus gallus,NA
chihuahua,Canis lupus familiaris,NA
Chikpea,Cicer arietinum,NA
child,Homo sapiens,NA
children,Homo sapiens,NA
Children,Homo sapiens,NA
Chili,Capsicum,NA
chili,Capsicum,NA
chili pepper,Capsicum annuum,NA
Chilli,Capsicum,NA
chilli,Capsicum,NA
CHILLI,Capsicum,NA
Chilli fruit,Capsicum,NA
Chilli rhizosphere,NA,NA
chilli thrips,Scirtothrips dorsalis,NA
chillies,Capsicum,NA
Chilly,Capsicum,NA
Chilo suppressalis Walker,Chilo suppressalis,NA
Chinese cabbage rhizosphere,Brassica rapa,NA
Chinese Macaca rhesus,Macaca mulatta,NA
ChineseRose,Hibiscus rosa-sinensis,NA
Chionochloa sp.,Chionochloa,NA
chipmunk,Sciuridae,NA
Chips,NA,NA
Chloris,Chloris,NA
Chloris sp.,Chloris,NA
Choristoneura sp.,Choristoneura,NA
Chosyne lacinia,Chosyne lacinia,NA
Chrisomelidae,Chrysomelidae,NA
Chromolaena odorata (L.) R.M. King & H. Rob.,Chromolaena odorata,NA
Chromolaena subscandens,Chromolaena,NA
Chrysanthemum coronarium L. var. spatiosum,Chrysanthemum coronarium,NA
Chrysanthemum nipponicum,Chrysanthemum,NA
Chrysanthemum x morifolium cv. Karnal Pink,Chrysanthemum,NA
Chrysanthemum x morifolium cv. Pusa Centenary,Chrysanthemum,NA
Chrysanthemum x morifolium; cultivar: Karnal Pink,Chrysanthemum,NA
Chrysanthemum x morifolium; cultivar: Pusa Yellow,Chrysanthemum,NA
Chrysomelinae1,Chrysomelinae,NA
Chuanxiong,Ligusticum chuanxiong,NA
Chyrasanthamum,Chrysanthemum,NA
"Cicada (Hemiptera: Cicadelidae), Nymph",Cicadidae,NA
cicada (nymph),Cicadidae,NA
Cicada (Terpnosia sp),Terpnosia,NA
Cicada nymph,Cicadidae,NA
Cicada nymph (Cicadidae),Cicadidae,NA
Cicada sp.,Cicada,NA
"Cicada, Hemipetera",Cicadidae,NA
"Cicada, Hemiptera",Cicadidae,NA
cicada; nymph (Cicadidae),Cicadidae,NA
cicadae,Cicadidae,NA
Cicadea,Cicadidae,NA
Cicadellidea sp.,Cicadellidae,NA
Cicer arietinum L.,Cicer arietinum,NA
Cichorium intybus L.,Cichorium intybus,NA
Cicier arietinum,Cicer arietinum,NA
Cicier arietinum (chickpea),Cicer arietinum,NA
Cicier arietinum L,Cicer arietinum,NA
Cicier arietinum L.,Cicer arietinum,NA
Cicier arietinum; FOC1,Cicer arietinum,NA
Cicindela sp. (beetle),Cicindela,NA
Cigar,NA,NA
Cimbex femoratus from Betula pendula,Betula pendula,NA
Cimicidae sp.,Cimicidae,NA
Cineraria sp.,Cineraria,NA
Cinnamomun verum,Cinnamomum verum,NA
Ciona robusta gut,Ciona robusta,NA
Citrillus lanatus,Citrullus lanatus,NA
citris,Citrus,NA
citrrus,Citrus,NA
Citrullus lanatus subsp. vulgaris Schrad.,Citrullus lanatus,NA
Citrus (Mandarine tree),Citrus,NA
Citrus auranticus,Citrus aurantium,NA
Citrus aurantifolia (key lime),Citrus aurantiifolia,NA
Citrus aurantifolia (Lime),Citrus aurantiifolia,NA
Citrus aurantifolia var. mohtasseb 'Borneo',Citrus aurantiifolia,NA
Citrus aurantifolia x Citrus limon 'Orsay',Citrus,NA
Citrus aurantiifolia (lime),Citrus aurantiifolia,NA
Citrus aurantiifolia (Rutaceae),Citrus aurantiifolia,NA
Citrus aurantium (Rutaceae),Citrus aurantium,NA
Citrus aurantium (sour orange tree),Citrus aurantium,NA
Citrus aurantium cv. C055,Citrus aurantium,NA
Citrus aurantium cv. Goutoucheng,Citrus aurantium,NA
Citrus aurantium cv. smooth flat Seville,Citrus aurantium,NA
Citrus aurantium cv. T5,Citrus aurantium,NA
Citrus australasica F. Muell,Citrus australasica,NA
Citrus clementina (Clementine),Citrus clementina,NA
Citrus clementina Fortune,Citrus clementina,NA
Citrus clementina Nova,Citrus clementina,NA
Citrus clementina; cv. Comune ISA,Citrus clementina,NA
Citrus deliciosa (Rutaceae),Citrus deliciosa,NA
Citrus flaviculpus,Citrus,NA
citrus fruit,Citrus,NA
Citrus grandis (L.) Osbeck cv. guanxi-miyou,Citrus maxima,NA
Citrus grandis (pomelo Guanximiyou),Citrus maxima,NA
Citrus grandis (pomelo Shatianyou),Citrus maxima,NA
Citrus grandis (pomelo Sijiyou),Citrus maxima,NA
Citrus grandis (pomelo Wendanyou),Citrus maxima,NA
Citrus grandis (pomelo),Citrus maxima,NA
Citrus hybrid cultivar Chun xiang,Citrus,NA
Citrus hybrid cultivar Hongmeiren,Citrus,NA
Citrus hybrid cultivar Murcott,Citrus,NA
Citrus hybrid; cv.: Cocktail grapefruit,Citrus,NA
Citrus hybrid; cv.: Hongmeiren,Citrus,NA
Citrus hybrid; cv.: Murcott,Citrus,NA
Citrus hybrid; cv.: Wogan,Citrus,NA
Citrus hybrids,Citrus,NA
Citrus jambhiri Lush. (Rough lemon),Citrus jambhiri,NA
Citrus japonica (Cumquat),Citrus japonica,NA
Citrus latifolia (Persian lime tree),Citrus latifolia,NA
Citrus latifolia (Rutaceae),Citrus latifolia,NA
Citrus latifolia tanaka,Citrus latifolia,NA
Citrus leaf (Citrus sinensis),Citrus sinensis,NA
Citrus lemon,Citrus limon,NA
citrus lemon,Citrus limon,NA
Citrus limetta (sweet lime),Citrus limetta,NA
Citrus limettioides,Citrus,NA
Citrus limon 'Villafranca',Citrus limon,NA
Citrus limon (L.) Burm.f.,Citrus limon,NA
Citrus limon (lemon),Citrus limon,NA
Citrus limon (Lemon),Citrus limon,NA
Citrus limon (Rutaceae),Citrus limon,NA
Citrus limon cv Montaji,Citrus limon,NA
Citrus limon cv. Allen Eureka,Citrus limon,NA
Citrus limon cv. Eureka,Citrus limon,NA
Citrus limon cv. Kazai kalan,Citrus limon,NA
Citrus limon cv. Kutdiken,Citrus limon,NA
Citrus limon cv. Lisbon,Citrus limon,NA
Citrus limon cv. Meyer,Citrus limon,NA
Citrus limon Eureka,Citrus limon,NA
Citrus limon Femminello,Citrus limon,NA
Citrus limon Lunari,Citrus limon,NA
Citrus limon Monachello,Citrus limon,NA
Citrus limon var Eureka,Citrus limon,NA
Citrus limon var. Eureka,Citrus limon,NA
Citrus limon var. Lisboa,Citrus limon,NA
Citrus limon; cultivar: Kutdiken,Citrus limon,NA
Citrus limon; cultivar: Lisbon,Citrus limon,NA
Citrus limon; cv. Cerza,Citrus limon,NA
Citrus limonia (Rutaceae),Citrus limon,NA
Citrus limonum,Citrus limon,NA
Citrus maxima 'Tomentosa,Citrus maxima,NA
Citrus maxima 'Tomentosa',Citrus maxima,NA
Citrus maxima (Burm.) Merr,Citrus maxima,NA
Citrus maxima (Guanxi honey pomelo),Citrus maxima,NA
Citrus maxima (Pomelo Guanximuyou),Citrus maxima,NA
Citrus maxima (Pomelo Shatianyou),Citrus maxima,NA
Citrus maxima (Pomelo Sijiyou),Citrus maxima,NA
Citrus maxima (pomelo),Citrus maxima,NA
Citrus maxima (Rumph. ex Burm.) Merr.,Citrus maxima,NA
Citrus maxima (Rutaceae),Citrus maxima,NA
Citrus maxima (synonym: Citrus grandis cv. 'Tomentosa'),Citrus maxima,NA
Citrus maxima cv. Guanximiyou,Citrus maxima,NA
Citrus maxima cv. K15,Citrus maxima,NA
Citrus maxima cv. Shatianyou,Citrus maxima,NA
Citrus maxima cv. Suanyou,Citrus maxima,NA
Citrus maxima cv. Tomentosa,Citrus,NA
Citrus maxima cv. Zhenlongyou,Citrus maxima,NA
Citrus maxima Khaoyai,Citrus maxima,NA
Citrus maxima Merr.,Citrus maxima,NA
Citrus maxima sp.,Citrus maxima,NA
Citrus maxima Thong Dee,Citrus maxima,NA
Citrus maxima Tubtim Siam,Citrus maxima,NA
Citrus maxima x C. reticulata,Citrus,NA
Citrus maxima x C. reticulata cv. 15Q028,Citrus,NA
Citrus maxima; cultivar: Tomentosa,Citrus,NA
Citrus medica 'Naxiotiki',Citrus medica,NA
Citrus medica L.,Citrus medica,NA
Citrus medica var. acida,Citrus medica,NA
Citrus medica var. sarcodactylis Swingle,Citrus medica,NA
Citrus nobilis (leaves),Citrus nobilis,NA
Citrus nobilis x Citrus deliciosa (Kinnow mandarin),Citrus,NA
Citrus nobilis x Citrus deliciosa (Kinnow),Citrus,NA
Citrus nobilis x Citrus x deliciosa cv. Kinnow,Citrus,NA
Citrus paradisi (Star ruby),Citrus paradisi,NA
Citrus paradisi cv. Marsh,Citrus paradisi,NA
Citrus paradisi x Citrus sp. (grapefruit Changshanhuyou),Citrus,NA
Citrus paradisii,Citrus paradisi,NA
citrus plant,Citrus,NA
Citrus reticulata -fruto,Citrus reticulata,NA
Citrus reticulata 'Ortanique',Citrus reticulata,NA
"Citrus reticulata (Khasi mandarin, Khawad village)",Citrus reticulata,NA
Citrus reticulata (Khasi mandarin),Citrus reticulata,NA
Citrus reticulata (kinnow),Citrus reticulata,NA
Citrus reticulata (mandarin),Citrus reticulata,NA
Citrus reticulata (Rutaceae),Citrus reticulata,NA
Citrus reticulata (Sikkim mandarin),Citrus reticulata,NA
Citrus reticulata (tangerine Nanfengmiju),Citrus reticulata,NA
Citrus reticulata (tangerine Ponkan),Citrus reticulata,NA
Citrus reticulata (tangerine),Citrus reticulata,NA
Citrus reticulata Blanco,Citrus reticulata,NA
Citrus reticulata Blanco (Encore Mandarin),Citrus reticulata,NA
Citrus reticulata Blanco (Encore mandarin),Citrus reticulata,NA
Citrus reticulata Blanco cv. Nian Ju,Citrus reticulata,NA
Citrus reticulata Blanco cv. Ponkan,Citrus reticulata,NA
Citrus reticulata Blanco cv. Shiyue Ju,Citrus reticulata,NA
Citrus reticulata Blanco cv.Ponkan,Citrus reticulata,NA
Citrus reticulata cultivar Chachiensis,Citrus reticulata,NA
Citrus reticulata cultivar Kinokuni,Citrus reticulata,NA
Citrus reticulata cultivar Ponkan,Citrus reticulata,NA
Citrus reticulata cultivar Succosa,Citrus reticulata,NA
Citrus reticulata cv keprok Batu 55,Citrus reticulata,NA
Citrus reticulata cv keprok JRM,Citrus reticulata,NA
Citrus reticulata cv keprok Kinabalu,Citrus reticulata,NA
Citrus reticulata cv keprok Robinson,Citrus reticulata,NA
Citrus reticulata cv. Amakusa,Citrus reticulata,NA
Citrus reticulata cv. Bendizao,Citrus reticulata,NA
Citrus reticulata cv. Chunjian,Citrus reticulata,NA
Citrus reticulata cv. Clementine,Citrus  clementina,NA
Citrus reticulata cv. Dancy,Citrus reticulata,NA
Citrus reticulata cv. Fairchild,Citrus reticulata,NA
Citrus reticulata cv. Fremont,Citrus reticulata,NA
Citrus reticulata cv. Hawaiana,Citrus reticulata,NA
Citrus reticulata cv. Imperia,Citrus reticulata,NA
Citrus reticulata cv. Imperial,Citrus reticulata,NA
Citrus reticulata cv. Imperial Blanco,Citrus reticulata,NA
Citrus reticulata cv. Keprok JRM,Citrus reticulata,NA
Citrus reticulata cv. Keprok Kinabalu,Citrus reticulata,NA
Citrus reticulata cv. Keprok Robinson,Citrus reticulata,NA
Citrus reticulata cv. Kinnow,Citrus reticulata,NA
Citrus reticulata cv. Murcott,Citrus reticulata,NA
Citrus reticulata cv. Nagpur,Citrus reticulata,NA
Citrus reticulata cv. Nanfengmiju,Citrus reticulata,NA
Citrus reticulata cv. nanfengmiju,Citrus reticulata,NA
Citrus reticulata cv. Nangfengmiju,Citrus reticulata,NA
Citrus reticulata cv. Ponkan,Citrus reticulata,NA
Citrus reticulata cv. Shatangju,Citrus reticulata,NA
Citrus reticulata cv. Tardiferax (tangerine),Citrus reticulata,NA
Citrus reticulata cv. Unshiu,Citrus reticulata,NA
Citrus reticulata cv. Woju,Citrus reticulata,NA
Citrus reticulata Sai Nam Phueng,Citrus reticulata,NA
Citrus reticulata x C. sinensis,Citrus,NA
"Citrus reticulata, country Bhutan, accession 40",Citrus reticulata,NA
Citrus reticulata; cv.: Ponkan,Citrus reticulata,NA
Citrus reticulata; Sai Nam Phueng,Citrus reticulata,NA
citrus rust mite infecting grapefruit,Phyllocoptruta oleivora,NA
citrus rust mite infesting grapefruit leaves,Phyllocoptruta oleivora,NA
citrus rust mite on pummelo,Citrus maxima,NA
Citrus sinensis (L.),Citrus sinensis,NA
Citrus sinensis (L.) Osbeck,Citrus sinensis,NA
Citrus sinensis (L.) Osbeck (Thomson Navel Orange),Citrus sinensis,NA
Citrus sinensis (L) Osbeck,Citrus sinensis,NA
Citrus sinensis (Mosambi sweet orange),Citrus sinensis,NA
Citrus sinensis (Navel),Citrus sinensis,NA
Citrus sinensis (orange),Citrus sinensis,NA
Citrus sinensis (Rutaceae),Citrus sinensis,NA
Citrus sinensis (sweet orange),Citrus sinensis,NA
Citrus sinensis (Thomson Navel Orange),Citrus sinensis,NA
Citrus sinensis cultivar Hamlin,Citrus sinensis,NA
Citrus sinensis cultivar Valencia,Citrus sinensis,NA
Citrus sinensis cv. Bingtangcheng,Citrus sinensis,NA
Citrus sinensis cv. Blood,Citrus sinensis,NA
Citrus sinensis cv. Natal,Citrus sinensis,NA
Citrus sinensis cv. Navel,Citrus sinensis,NA
Citrus sinensis cv. navel orange,Citrus sinensis,NA
Citrus sinensis cv. Ovale,Citrus sinensis,NA
Citrus sinensis cv. Pera,Citrus sinensis,NA
Citrus sinensis cv. Tarocco,Citrus sinensis,NA
Citrus sinensis cv. Temple,Citrus,NA
Citrus sinensis cv. Valencia,Citrus sinensis,NA
Citrus sinensis cv.Valencia,Citrus sinensis,NA
Citrus sinensis L. Osb.,Citrus sinensis,NA
Citrus sinensis L. Osb. cultivar Valencia,Citrus sinensis,NA
Citrus sinensis L. Osb. cv. Valencia,Citrus sinensis,NA
Citrus sinensis Osbeck cv. Newhall,Citrus sinensis,NA
Citrus sinensis var. 'Natal',Citrus sinensis,NA
Citrus sinensis var. Valencia Late,Citrus sinensis,NA
Citrus sinensis x Citrus clementina,Citrus,NA
Citrus sinensis x Poncirus trifoliata 'Carrizo',Citrus sinensis x Citrus trifoliata,NA
Citrus sinensis; cv. Valencia Olinda,Citrus sinensis,NA
Citrus sp,Citrus,NA
Citrus sp. (citrus),Citrus,NA
Citrus sp. (grapefruit),Citrus paradisi,NA
Citrus sp. (hybrids),Citrus,NA
Citrus sp. (murcott),Citrus,NA
Citrus sp. (pomelo),Citrus maxima,NA
Citrus sp. (Rutaceae),Citrus,NA
Citrus sp. (Skiranui tangerine),Citrus,NA
Citrus sp. (temple),Citrus,NA
Citrus sp. (volkamer),Citrus volkameriana,NA
Citrus sp. gummosis,Citrus,NA
Citrus sp. hybrid,Citrus,NA
Citrus sp. var. Cassar,Citrus,NA
Citrus sp. var. Malti,Citrus,NA
Citrus sp. var. Meski,Citrus,NA
Citrus sp. var. Thomson,Citrus,NA
"Citrus sp., leaves",Citrus,NA
Citrus spp.,Citrus,NA
Citrus temple x Citrus tangerina (Or -3),Citrus,NA
citrus tree,Citrus,NA
Citrus trifoliata (synonym: Poncirus trifoliata),Citrus trifoliata,NA
citrus trunk borer,Coleoptera,NA
Citrus unshiu (mandarin),Citrus unshiu,NA
Citrus unshiu (satsuma),Citrus unshiu,NA
Citrus unshiu inverted exclamation markA Citrus hassaku,Citrus,NA
Citrus unshiu Mac. (Unishiu orange),Citrus unshiu,NA
Citrus unshiu Marc.,Citrus unshiu,NA
Citrus unshiu Marcov,Citrus unshiu,NA
Citrus unshiu Marcov.,Citrus unshiu,NA
Citrus x aurantiifolia Nam Phueng,Citrus aurantiifolia,NA
Citrus x aurantiifolia Pan Phichit,Citrus aurantiifolia,NA
Citrus x aurantiifolia Pan Rampai,Citrus aurantiifolia,NA
Citrus x aurantiifolia; Nam Hom,Citrus aurantiifolia,NA
Citrus x aurantiifolia; Pan Phichit,Citrus,NA
Citrus x aurantiifolia; Pan Rampai,Citrus aurantiifolia,NA
Citrus x bergamia,Citrus,NA
Citrus x Clementina (Clementine),Citrus clementina,NA
Citrus x limon 'Ovale di Sorrento',Citrus,NA
Citrus x limon (lemon),Citrus limon,NA
Citrus x paradisi (Citrus paradisi cv. Marsh),Citrus paradisi,NA
Citrus x paradisi (Grapefruit Changshanhuyou),Citrus paradisi,NA
Citrus x paradisi cv. Changshanhuyou,Citrus,NA
Citrus x paradisi cv. Marsh,Citrus paradisi,NA
Citrus x paradisi cv. Pink,Citrus  paradisi,NA
Citrus x paradisi cv. Rio Red,Citrus,NA
Citrus x paradisi cv. Ruby Red,Citrus  paradisi,NA
Citrus x paradisi Macfad cultivar Marsh Jibarito,Citrus paradisi,NA
Citrus x paradisi Macfad cv. Marsh Jibarito,Citrus paradisi,NA
Citrus x tangelo 'Minneola',Citrus,NA
Citrus x tangelo (Minneola),Citrus,NA
citurs,Citrus,NA
Civet,Carnivora,NA
Cladastris lutea,Cladastris lutea,NA
clam,Bivalvia,NA
Clanis bilineata Walker,Clanis bilineata,NA
Clavigralla scutellaris,Clavigralla scutellaris,NA
clay soil,NA,NA
Clematis vitalba L.,Clematis vitalba,NA
Clerodendrum japonicum var. japonicum,Clerodendrum japonicum,NA
Clethra sp. (Clethraceae),Clethra,NA
Clethrogyna turbata,Clethrogyna turbata,NA
Clinical,NA,NA
Clivia miniata; cultivar: Huijian No. 2,Clivia miniata,NA
Clone LH1 of Eucalyptus urophylla x E. camaldulensis,Eucalyptus,NA
clover,Trifolium,NA
cluster bean root tissue,Cyamopsis tetragonoloba,NA
Clusterbean,Cyamopsis tetragonoloba,NA
Cnaphalocrocis medinalis (rice leafroller),Cnaphalocrocis medinalis,NA
Cnaphalocrosis medinalis (rice leafroller),Cnaphalocrocis medinalis,NA
Cnidium officinale Makino,Cnidium officinale,NA
Coccida,Coccidae,NA
Coccidae sp.,Coccidae,NA
Coccineliidae1,Coccinellidae,NA
Coccinellid,Coccinellidae,NA
Coccinellid beetle,Coccinellidae,NA
Coccoidae,Coccoidea,NA
Coccoidea (scale insect),Coccoidea,NA
Coccoidea sp.,Coccoidea,NA
Coccoideae,Coccoidea,NA
Coccoloba 'molle',Coccoloba,NA
Coccoloba elatella,Coccoloba,NA
Coccoloba gigante,Coccoloba,NA
Coccoloba papel,Coccoloba,NA
Coccoloba uvifera (Polygonaceae),Coccoloba uvifera,NA
Coccus viridis (citrus green scale),Coccus viridis,NA
Coccus viridis (coffee green scale),Coccus viridis,NA
Coccus viridis (coffee greenscale),Coccus viridis,NA
cockle,Bivalvia,NA
Cockroach,Blattodea,NA
cockroaches,Blattodea,NA
Cocktail grapefruit,Citrus,NA
Coconut,Cocos nucifera,NA
coconut,Cocos nucifera,NA
Coconut leaves,Cocos nucifera,NA
coconut rhinocerous beetle,Oryctes rhinoceros,NA
Coconut seedling,Cocos nucifera,NA
coconut seedling,Cocos nucifera,NA
cocoon,Insecta,NA
Cocopeat,NA,NA
Cocos nucifera L.,Cocos nucifera,NA
Cocout,Cocos nucifera,NA
cocunut,Cocos nucifera,NA
Coelosternus granicollis,Coelosternus granicollis,NA
Cofana lineata (leafhopper),Cofana lineata,NA
Coffea arabica var. Bourbon,Coffea arabica,NA
Coffea arabica var. Catimor,Coffea arabica,NA
Coffea arabica var. Catuai,Coffea arabica,NA
Coffea arabica var. Caturra,Coffea arabica,NA
Coffea arabica var. Marago,Coffea arabica,NA
Coffea arabica var. Typica,Coffea arabica,NA
Coffea arabica x Hibrido Timor cultivar Oro Azteca,Coffea arabica,NA
coffee,Coffea,NA
Coffee,Coffea,NA
coffee plant,Coffea,NA
coffee seedling,Coffea,NA
Cola altissima,Cola altissima,NA
Cola sp.,Cola,NA
Colacasia,Colocasia,NA
Coleoptera (baited),Coleoptera,NA
Coleoptera insenct,Coleoptera,NA
Coleoptera sp. (larva),Coleoptera,NA
Coleoptera sp. or Hemiptera sp.,Coleoptera,NA
"Coleoptera sp., adult",Coleoptera,NA
Coleoptera; dev_stage: larva,Coleoptera,NA
Coleoptera; larva,Coleoptera,NA
Coleoptera: Chrysomelidae,Chrysomelidae,NA
Coleoptera: Nitidulidae,Nitidulidae,NA
Coleoptera:Scolytidae,Scolytinae,NA
Coleopteran,Coleoptera,NA
coleopteran beetle,Coleoptera,NA
Coleopteran insect (beetle),Coleoptera,NA
coleoptero,Coleoptera,NA
Coleus sp.,Coleus,NA
Colgaroides acuminata,Colgaroides acuminata,NA
Collema japonicum,Collema japonicum,NA
Collybia neofusipes,Collybia,NA
Colocasia esculenta (arbi),Colocasia esculenta,NA
Colocasiae esculenta,Colocasia esculenta,NA
Colomerus novahebridensis,Colomerus novahebridensis,NA
Colorado potato bettle,Leptinotarsa decemlineata,NA
Colpolopha sinuata,Colpolopha sinuata,NA
Colpolopha sp.,Colpolopha,NA
Comandra sp.,Comandra,NA
Combretum glaucocarpum Mart.,Combretum glaucocarpum,NA
Combretum lanceolatum,Combretum lanceolatum,NA
Combretum laxum Jacq.,Combretum laxum,NA
common flax,Linum usitatissimum,NA
Compost,NA,NA
Conch,Gastropoda,NA
Concrete,NA,NA
conifer,Pinopsida,NA
Conifer sp.,Conifer,NA
Coniferae,Pinopsida,NA
coniferous,Pinopsida,NA
"Conifers, Salix",Salix,NA
Conioselinum officinale (synonym: Cnidium officinale Makino),Conioselinum officinale,NA
Conoderus sp.,Conoderus,NA
contaminant,NA,NA
contaminante em producao de cogumelo comestivel,Fungi,NA
contaminated oyster mushroom grow substrate,NA,NA
Contaminated soil,NA,NA
contamination,NA,NA
Coompost,NA,NA
copperleaf,Acalypha,NA
Coprosma sp.,Coprosma,NA
Coptoborus cracens,Coptoborus cracens,NA
Coptoborus osbornae,Coptoborus osbornae,NA
Coptotermes formosanus (termite),Coptotermes formosanus,NA
cor,NA,NA
coral,Anthozoa,NA
coral with dark spot syndrome,Anthozoa,NA
Corcyra cephalonica Stainton,Corcyra cephalonica,NA
Cordia sebestena (Boraginaceae),Cordia sebestena,NA
Cordia wallichi G. Don,Cordia dichotoma,NA
Cordyline sp.,Cordyline,NA
Coriander leaf(Coriandrum sativum),Coriandrum sativum,NA
Coriandrum sativum cultivar Laser,Coriandrum sativum,NA
Coriandrum sativum L.,Coriandrum sativum,NA
Cork,Quercus suber,NA
corne,NA,NA
corneal scrapping,NA,NA
cornmeal,Zea mays,NA
Cornus kousa Buerger ex Hance,Cornus kousa,NA
CornusalbaL.,Cornus alba,NA
Corriender,Coriandrum sativum,NA
Cortex dictamni,Dictamnus dasycarpus,NA
corticioid basidiomycete and decaying log,Agaricomycetes,NA
"corticioid basidiomycete, decaying log",Agaricomycetes,NA
Corylus avallanas,Corylus avellana,NA
Corylus avellana (Betulaceae),Corylus avellana,NA
Corylus avellana (voucher BPI 879222),Corylus avellana,NA
Corylus avellana L.,Corylus avellana,NA
Corylus spp.,Corylus,NA
Corymbia sp.,Corymbia,NA
Cossidae (Lepidoptera),Cossidae,NA
Cossus sp.,Cossus,NA
cotton plant,Gossypium,NA
Cotton plant: Gossypium hirsutum L.,Gossypium hirsutum,NA
Cotton rot,NA,NA
cottonwood,Populus,NA
Cotula sp.,Cotula,NA
Country bean plant,Phaseolus,NA
Cow (Bos taurus),Bos taurus,NA
cowpea,Vigna unguiculata,NA
cowpea plant,Vigna unguiculata,NA
cowpea unknown variety,Vigna unguiculata,NA
"Cowpea, unknown variety",Vigna unguiculata,NA
cowpea; unknown variety,Vigna unguiculata,NA
Cows,Bos taurus,NA
cowshed,NA,NA
crab,Decapoda,NA
crab apple,Malus,NA
crab apple 'Royalty',Malus,NA
Crab grass,Digitaria,NA
crab-eating macaques,Macaca fascicularis,NA
"crab, Portunus armatus",Portunus armatus,NA
Crabapple,Malus,NA
cranberry,Vaccinium,NA
Crassula,Crassula,NA
Crassula sp.,Crassula,NA
Crassula sp. (in: eudicots),Crassula,NA
Crategus,Crataegus,NA
Cremastra appendiculata (D. Don) Makino,Cremastra appendiculata,NA
cretagous,NA,NA
Crimissa cruralis,Crimissa cruralis,NA
Crinipellis (witches broom),Crinipellis,NA
Crinipellis perniciosa on Theobroma cacao,Theobroma cacao,NA
Crinipellis sp. (witches broom),Crinipellis,NA
"Crinipellis, artificially inoculated witches broom on Theobroma cacao",Theobroma cacao,NA
crinoid,Crinoidea,NA
Crocodylus moreletii (captive Morelet's crocodile),Crocodylus moreletii,NA
Crocus sativus L Bulbs,Crocus sativus,NA
"Crocus sativus L, Stigma",Crocus sativus,NA
Cronartium ribicola J.C. Fisch.,Cronartium ribicola,NA
Cronartium ribicola J.C. Fisch. on Pinus monticola Dougl. ex D. Don.,Pinus monticola,NA
crop,Viridiplantae,NA
Crossandra sp.,Crossandra,NA
Crowfoot grass,Dactyloctenium aegyptium,NA
crown,NA,NA
crucifer,Brassicaceae,NA
Cryphalini sp. 1,Cryphalini,NA
Cryphalus abietis or Pityophthorus pityographus,Scolytinae,NA
Cryphalus pubescens,Cryphalus pubescens,NA
Crysanthomum roseus,Catharanthus roseus,NA
Ct,NA,NA
CTCCTCCGCTTATTGATATGC,NA,NA
cucmber,Cucumis sativus,NA
Cucmber,Cucumis sativus,NA
cucumber,Cucumis sativus,NA
Cucumber,Cucumis sativus,NA
cucumber; cv.: EKOL F1 cornichon,Cucumis sativus,NA
Cucumis melo Earl's,Cucumis melo,NA
Cucumis melo L.,Cucumis melo,NA
Cucumis melo L. var. reticulatus naud. (Hami melon),Hami melon,NA
Cucumis sativus L,Cucumis sativus,NA
Cucumis sativus L.,Cucumis sativus,NA
Cucumis sativus L. cv. Jinyan No. 2,Cucumis sativus,NA
Cucumis sativus L. variety Jinyan No. 2,Cucumis sativus,NA
Cucumis sp. (melon),Cucumis,NA
Cucumis spp.,Cucumis,NA
cucurbit,Cucurbitaceae,NA
Cucurbita moschata; Spain,Cucurbita moschata,NA
Cucurbita pepo (pumpkin),Cucurbita pepo,NA
Cucurbitaceae sp.,Cucurbitaceae,NA
Cucurbits,Cucurbitaceae,NA
Cucurma sumatrana,Curcuma sumatrana,NA
culicid larvae,Culicidae,NA
cultivar,NA,NA
Cultivar Cobrancosa,Olea europaea,NA
Cultivar Picual,Olea europaea,NA
cultivars of Vitis vinifera & V. labrusca,Vitis,NA
cultivated,NA,NA
cultivated Agaricus bisporus (cap stains),Agaricus bisporus,NA
cultivated Agaricus bisporus (coverage mixture-Topterra),Agaricus bisporus,NA
cultivated Agaricus bisporus (from coverage mixture with mineral soil),Agaricus bisporus,NA
cultivated cacao,Theobroma cacao,NA
cultivated Lentinula edodes,Lentinula edodes,NA
Cultivated rocket,Eruca sativa,NA
cultivated rocket,Eruca sativa,NA
culture from rot in Larix sibirica,Larix sibirica,NA
cumcuber,Cucumis sativus,NA
Cuminum cyminum L.,Cuminum cyminum,NA
Curculionidae sp. (weevil),Curculionidae,NA
Curcuma longa L.,Curcuma longa,NA
curd,NA,NA
currant,Ribes,NA
Curriendium,NA,NA
currupixa,Micropholis,NA
Custard apple,Annona,NA
custard apple,Annona,NA
Cuticle of Leafhopper insect,Insecta,NA
cv. Cobrancosa,Olea europaea,NA
Cyamopsis tetragonoloba; variety: S-5765,Cyamopsis tetragonoloba,NA
Cyamopsis tetragonoloba; variety: S-5785,Cyamopsis tetragonoloba,NA
Cyamopsis tetragonoloba; variety: S-5825,Cyamopsis tetragonoloba,NA
Cyanchum nigrum,Vincetoxicum nigrum,NA
Cyathea sp.,Cyathea,NA
Cyatheia sp.,Cyathea,NA
Cyclamen cv. halios,Cyclamen,NA
Cyclamen sp.,Cyclamen,NA
Cyclanthus sp.,Cyclanthus,NA
cycus,Cycas,NA
Cydia pomonella larva,Cydia pomonella,NA
"Cylindroiulus punctatus (Diplopoda, Julida, Julidae)",Cylindroiulus punctatus,NA
Cymbidium hookerianum leaf,Cymbidium hookerianum,NA
Cymbidium insigne Rolfe,Cymbidium insigne,NA
Cymbidium sp.,Cymbidium,NA
Cymbopogon roxburghii,Cymbopogon roxburghii,NA
Cymbopogon sp.,Cymbopogon,NA
Cynara scolymu,Cynara cardunculus var. scolymus,NA
Cyndon dactylon,Cynodon dactylon,NA
Cynodon,Cynodon,NA
Cynodon dactylon (L.) Pers.,Cynodon dactylon,NA
Cynodon dactylon x nlemfuensis cv. Florona,Cynodon,NA
Cynodon dactylon x nlemfuensis cv. G.E. Porto Rico,Cynodon,NA
Cyperus conglomeratus Rottb.,Cyperus conglomeratus,NA
Cyrtomenus sp.,Cyrtomenus,NA
Cyrtopodium cardiochilum,Cyrtopodium cardiochilum,NA
D. composita,Dioscorea composita,NA
dachshund,Canis lupus familiaris,NA
Dactlylis glomerata,Dactylis glomerata,NA
dactylidis,NA,NA
Dactylis gromerata,Dactylis glomerata,NA
Dahlia x cultorum,Dahlia,NA
Dairy cattle feeds,NA,NA
Dalbergia sissoo leaf,Dalbergia sissoo,NA
Dalbergia sissoo Rhizosphere soil,Dalbergia sissoo,NA
Dangke,NA,NA
Danthonia sp.,Danthonia,NA
Daphnia longispina - hybrid,Daphnia,NA
Daphnia longispina complex,Daphnia,NA
Daphnia longispina complex Rimov,Daphnia longispina,NA
Darter,Anisoptera,NA
darter dragon fly,Anisoptera,NA
date palm root,Phoenix dactylifera,NA
date palm roots,Phoenix dactylifera,NA
date palm tree,Phoenix dactylifera,NA
Date palms,Phoenix dactylifera,NA
Datepalm,Phoenix dactylifera,NA
Daucus carota L.,Daucus carota,NA
Daviesia sp.,Daviesia,NA
dbm pupa,Plutella xylostella,NA
DDGS,NA,NA
Dead and decaying wood material,NA,NA
dead bark of Salix babylonica.,Salix babylonica,NA
dead branch of Morus nigra,Morus nigra,NA
dead branch of Quercus,Quercus,NA
dead leaf of Quercus ilex L.,Quercus ilex,NA
dead leaf; Quercus ilex L. (Fagaceae),Quercus ilex,NA
dead leaves of Pyrus sp.,Pyrus,NA
dead leaves; Pyrus sp.,Pyrus,NA
dead stems of an unknown plant,NA,NA
dead stromata of Diplodia sp.,Diplodia,NA
dead stromata of Eutypella sp.,Eutypella,NA
dead trunk of Betula sp.,Betula,NA
deadwood,NA,NA
decayed agaric mushroom,Agaricales,NA
decayed wood,NA,NA
Decaying,NA,NA
decaying branch on the floor of cave,NA,NA
decaying fruiting body of a bolete,Boletales,NA
decaying leaves,NA,NA
decaying polypore,Polyporales,NA
Decideous,NA,NA
deciduous,NA,NA
Decomposed wood of Dalbergia sissoo,Dalbergia sissoo,NA
Decomposed wood of Samanea saman,Samanea saman,NA
deer mouse,Peromyscus,NA
Delia radicum (Diptera),Delia radicum,NA
Demotispa neivai,Demotispa neivai,NA
Dendobium rhizosphere,Dendrobium,NA
Dendrboium nobile,Dendrobium nobile,NA
Dendrobium (orchid),Dendrobium,NA
Dendrobium nobile Lindl.,Dendrobium nobile,NA
Dendrobium officinale Kimura et Migo,Dendrobium officinale,NA
Dendrobiumsp.,Dendrobium,NA
Dendroctonus sp.,Dendroctonus,NA
Dendrocyonus sp.,Dendroctonus,NA
Dendrolimus sp.,Dendrolimus,NA
Deois flavopicta (Homoptera: Cercopidae),Deois flavopicta,NA
Deois incompleta,Deois incompleta,NA
Deois incompleta (Homoptera: Cercopidae),Deois incompleta,NA
Deois sp.,Deois,NA
Dermacentor variabilis female adult,Dermacentor variabilis,NA
Dermaptera sp.,Dermaptera,NA
Deschampsia caespitosa,Deschampsia caespitosa,NA
Descurainia pinnata (Walt.) Britt.,Descurainia pinnata,NA
Detzia gracilis,Deutzia gracilis,NA
Devdar,Cedrus deodara,NA
Diabrotica speciosa (Coleoptera: Crhysomelidae),Diabrotica speciosa,NA
Diabrotica undecimpunctata (Coleoptera: Chrysomelidae: Galerucine),Diabrotica undecimpunctata,NA
Dialeurodes citri (Ashmead),Dialeurodes citri,NA
Dianthus carthusianorum TG-63,Dianthus carthusianorum,NA
Dianthus monspessulanus L.,Dianthus monspessulanus,NA
Diatrype_stigmaoides,Diatrype stigmaoides,NA
dica,NA,NA
Dichaea sp.,Dichaea,NA
Dichelops sp.,Dichelops,NA
Dichoplus pratensis,Dichoplus pratensis,NA
Dichotella gemmacea (gorgonian),Dichotella gemmacea,NA
dicot,Magnoliopsida,NA
dicotyledonous plant,Eudicotyledoneae,NA
Dicranopygium umbrophilum,Dicranopygium umbrophilum,NA
Dicranum scoparium and Hypnum cupressiform,Bryopsida,NA
Dictyopteris pacifica (seaweed),Dictyopteris pacifica,NA
Dictyopteris prolifera (marine brown alg),Dictyopteris prolifera,NA
Dicyphococcus sp.,Dicyphococcus,NA
Dieffenbachia sp.,Dieffenbachia,NA
Dieffenbanchia,Dieffenbachia,NA
Digestive tract of Stenochironomus,NA,NA
Digitaria,Digitaria,NA
Digitaria leptorhachis,Digitaria leptorhachis,NA
Digitaria sp.,Digitaria,NA
Diloboderus abderus (Coleoptera),Diloboderus abderus,NA
Dimorphotheca pluvialis (L.) Moench,Dimorphotheca pluvialis,NA
Dimorphotheca sinuata DC.,Dimorphotheca sinuata,NA
Diopsidae sp. (Diptera),Diopsidae,NA
Dioscorea alata Linn.,Dioscorea alata,NA
Dioscorea polystachya Turczaninow,Dioscorea polystachya,NA
Dioscoreae Rhizoma,Dioscorea,NA
Diphyus cf. trifasciatus,Diphyus,NA
Dipladenia,Mandevilla,NA
Diploschistes rampoddensis,Diploschistes,NA
Diptera (fly),Diptera,NA
Diptera; adult fly,Diptera,NA
Diptera: Calliphoridae,Calliphoridae,NA
Diptera: Tipuloidea,Tipuloidea,NA
Diptera(Fly),Diptera,NA
dipteran fly,Diptera,NA
Dipteran insect,Dipteran insect,NA
Dipterigena,Diptera,NA
Dipterocarp,Dipterocarpaceae,NA
Diptychandra aurantiaca (Tul.) Lim.,Diptychandra aurantiaca,NA
Diseased fresh leaves of Coconut Nursery seedlings,Cocos,NA
Diseased Tenualosa ilisha reared in freshwater aquaculture ponds,Tenualosa ilisha,NA
Dispersing Xylosandrus germanus,Xylosandrus germanus,NA
Disterigma sp.,Disterigma,NA
Ditrichum cf. pusillum,Ditrichum,NA
Divaricate saposhniovia,Divaricate saposhniovia,NA
Divaricate Saposhniovia Root,Saposhnikovia divaricata,NA
DM Algarrobo,NA,NA
Dociostaurus sp.,Dociostaurus,NA
dog breed Shar-Pei,Canis lupus familiaris,NA
dog with inflammatory bowel disease,Canis lupus familiaris,NA
Dog-Erbil,Canis lupus familiaris,NA
"dog, kelpie",Canis lupus familiaris,NA
"Dog,Cat",Carnivora,NA
dog; Australian Kelpie,Canis lupus familiaris,NA
dog; Boxer,Canis lupus familiaris,NA
dog; Chavalier King Charles Spaniel,Canis lupus familiaris,NA
dog; female English Springer Spaniel,Canis lupus familiaris,NA
dog; German Shepherd,Canis lupus familiaris,NA
dog: disseminated infection,Canis lupus familiaris,NA
dogwood,Cornus,NA
Dolichoderus laotius,Dolichoderus laotius,NA
Dolichotetranychus floridanus,Dolichotetranychus floridanus,NA
dolphin,Delphinidae,NA
domestic dog,Canis lupus familiaris,NA
domestica,NA,NA
dophin,Delphinidae,NA
Dorstenia drakena (Moraceae),Dorstenia drakena,NA
Doubledaya bucculenta,Doubledaya bucculenta,NA
douglas,NA,NA
Dr. Arunakumar G S,NA,NA
Dracaena,Dracaena,NA
Dracaena sp.,Dracaena,NA
Dracaena sp. (in: monocots),Dracaena,NA
Draceana,Dracaena,NA
Dracena marginata,Dracaena marginata,NA
Dracena sp.,Dracaena,NA
Dragmacidon reticulatum (marine sponge),Dragmacidon reticulatum,NA
dragon fly,Anisoptera,NA
dragonfly,Anisoptera,NA
Dragonfruit,Selenicereus,NA
Draper,Vaccinium corymbosum,NA
Driftwood,NA,NA
Drosera sp.,Drosera,NA
Drosophila aff. immigrans,Drosophila,NA
"Drosophila funebris (Diptera, Drosophilidae)",Drosophila funebris,NA
"Drosophila funebris (Fabricius, 1787) (Diptera, Drosophilidae)",Drosophila funebris,NA
Drosophila huilliche,Drosophila,NA
Drosophila melanogaster and/or Drosophila simulans (species are sympatric and morphologically hard to distinguish),Drosophila,NA
Drosophila mojavensis and/or Drosophila arizonae (species are sympatric and morphologically hard to distinguish),Drosophila,NA
"Drosophila subobscura Collin, 1936 (Diptera, Drosophilidae)",Drosophila subobscura,NA
"drug treatment clinic, Astana",NA,NA
Drumstick,Moringa oleifera,NA
dry bean,Phaseolus vulgaris,NA
Dry bean plant samples,Phaseolus,NA
Dryas sp.,Dryas,NA
drybean,Phaseolus vulgaris,NA
Dryocoetes baikalicus,Dryocoetes baikalicus,NA
Dryocosmus kuriphilus (chestnut gall),Dryocosmus kuriphilus,NA
Duke,NA,NA
Dumbletonius sp.,Dumbletonius,NA
Durio zibethinus L.,Durio zibethinus,NA
Durio zibethinus Murr.,Durio zibethinus,NA
Duroia hirsuta (Poepp. & Endl.) K. Seham,Duroia hirsuta,NA
Durum wheat head,Triticum durum,NA
Durum Wheat head,Triticum durum,NA
Dust,NA,NA
E. grandis x E. brassiana,Eucalyptus,NA
E. grandis x E. urophylla,Eucalyptus,NA
E. pellita,Eucalyptus pellita,NA
E. urophylla,Eucalyptus urophylla,NA
earwig,Dermaptera,NA
Earwig,Dermaptera,NA
Echeveria agavoides 'Ebony',Echeveria agavoides,NA
Echeveria agavoides 'Romeo',Echeveria agavoides,NA
Echeveria cv. Peach Pride,Echeveria,NA
Echinacea sp.,Echinacea,NA
Echinops,Echinops,NA
Echium breviramea,Echium,NA
Egg contents and Egg shell,NA,NA
Egg Plant,Solanum melongena,NA
Egg shells,NA,NA
Egg shells and Egg contents,NA,NA
eggmasses of RKN infecting Fig,Nematoda,NA
Eggmasses of RKN infecting Tomato,Nematoda,NA
eggplan,Solanum melongena,NA
eggplant (Solanum melongena),Solanum melongena,NA
eggs of Schistocerca gregaria,Schistocerca gregaria,NA
Egypt,NA,NA
Egyptian dairy cattle,Bos,NA
Ehrharta erecta var. erecta,Ehrharta erecta,NA
Eichhornia crassipes,Pontederia crassipes,NA
Eichhornia crassipes,Pontederia crassipes,NA
Eichhornia crassipes (water hyacinth),Pontederia crassipes,NA
Eichornia crassipes,Pontederia crassipes,NA
elaterid beetle,Elateridae,NA
Elattoma sp. 1,Elattoma,NA
Eldana saccharina cadaver,Eldana saccharina,NA
Electra pilosa (bryozoa),Electra pilosa,NA
elephant,Elephantidae,NA
elephant foot yam,Amorphophallus paeoniifolius,NA
Elettaria sp.,Elettaria,NA
Eleusine coracana (finger millet),Eleusine coracana,NA
Eleusine coracana L.,Eleusine coracana,NA
Eleusine sp.,Eleusine,NA
Elionurus sp.,Elionurus,NA
Eliza,NA,NA
Elliot,NA,NA
elm,Ulmus,NA
Elm,Ulmus,NA
elm tree,Ulmus,NA
Elusine sp.,Eleusine,NA
Elymus cf. trachycaulus,Elymus,NA
Elymus dahuricus Turcz,Elymus dahuricus,NA
Empoasca kraemeri,Empoasca kraemeri,NA
Endemic apple,Malus,NA
Endophyllum centranthi-rubri Poir. on Centranthus ruber DC.,Endophyllum,NA
Endophyte of Malpighia emarginata,Malpighia emarginata,NA
Endophyte of Vinca roseus,Vinca,NA
endophyte- Theobroma cacao,Theobroma cacao,NA
Endophytes from plant,Viridiplantae,NA
Enriched soil,NA,NA
Enrique Monte,NA,NA
enviroment,NA,NA
Environmen,NA,NA
environment,NA,NA
Environmental Saccharina latissima,Saccharina latissima,NA
Ephemerum serratum (syn. E. minutissimum),Ephemerum serratum,NA
Ephemerum stoloniferum,Ephemerum,NA
Epichloe typhina on Anthoxanthum odoratum,Epichloe typhina,NA
Epilampra sp.,Epilampra,NA
Epilampra sp. (Blaberidae: Epilamprinae),Epilampra,NA
Epimedium koreanum Nakai,Epimedium koreanum,NA
Epimedium sagittatum Sieb. et Zucc. Maxim,Epimedium sagittatum,NA
Epinotia picea,Epinotia picea,NA
Equisetum arvense L.,Equisetum arvense,NA
Ergania doriae yunnanus,Ergania doriae,NA
Erica sp.,Erica,NA
Ericaceae sp.,Ericaceae,NA
Erinnys ello,Erinnys ello,NA
Erysimum asperum (Nuttall) DC,Erysimum asperum,NA
Erysiphe alni infecting Lonicera sp.,Erysiphe,NA
Erysiphe arcuata infecting Carpinus betulus,Erysiphe arcuata,NA
Erysiphe berberidis infecting Berberis aquifolium,Erysiphe berberidis,NA
Erysiphe berberidis infecting Berberis vulgaris,Erysiphe berberidis,NA
Erysiphe berberidis infecting Mahonia aquifolium,Erysiphe berberidis,NA
Erysiphe convolvuli infecting Convolvulus arvensis,Erysiphe convolvuli,NA
Erysiphe cruciferarum infecting Alyssum calycinum,Erysiphe cruciferarum,NA
Erysiphe cynoglossi infecting Echium sp.,Erysiphe cynoglossi,NA
Erysiphe depressa infecting Arctium lappa,Erysiphe,NA
Erysiphe euonymi infecting Euonymus europaeus,Erysiphe euonymi,NA
Erysiphe heraclei infecting Daucus carota,Erysiphe heraclei,NA
Erysiphe necator ex Vitis sp.,Vitis,NA
Erysiphe necator infecting Vitis riparia,Erysiphe necator,NA
Erysiphe necator infecting Vitis sp.,Erysiphe necator,NA
Erysiphe polygoni ex Polygonum aviculare,Erysiphe polygoni,NA
Erysiphe polygoni ex Rumex patientia,Erysiphe polygoni,NA
Erysiphe polygoni infecting Plantago lanceolata,Erysiphe polygoni,NA
Erysiphe polygoni infecting Polygonum aviculare,Erysiphe polygoni,NA
Erysiphe polygoni infecting Rumex acetosa,Erysiphe polygoni,NA
Erysiphe sordida infecting Plantago major,Erysiphe sordida,NA
Erysiphe sp. ex Ligustrum vulgare,Erysiphe,NA
Erysiphe sp. infecting Ligustrum vulgare,Erysiphe,NA
Erysiphe trifolii ex Trifolium pratense,Erysiphe trifolii,NA
Erysiphe trifolii infecting Trifolium pratense,Erysiphe trifolii,NA
Erysiphe trifolii infecting Trifolium repens,Erysiphe trifolii,NA
Erysiphe trifolii infecting Trifolium sp.,Erysiphe trifolii,NA
Erythrodes plantaginea,Erythrodes,NA
Espeletia sp.,Espeletia,NA
ethno-medical plant,Viridiplantae,NA
Eucalptus sp.,Eucalyptus,NA
Eucalypt,Eucalyptus,NA
eucalypt,Eucalyptus,NA
Eucalyptus (genotype CEPT1860),Eucalyptus,NA
Eucalyptus (genotype CEPT1861),Eucalyptus,NA
Eucalyptus (genotype CEPT1862),Eucalyptus,NA
Eucalyptus (genotype CEPT1863),Eucalyptus,NA
Eucalyptus (genotype CEPT1864),Eucalyptus,NA
Eucalyptus (genotype CEPT1865),Eucalyptus,NA
Eucalyptus (genotype CEPT1866),Eucalyptus,NA
Eucalyptus (genotype CEPT1867),Eucalyptus,NA
Eucalyptus (genotype CEPT1868),Eucalyptus,NA
Eucalyptus (genotype CEPT1869),Eucalyptus,NA
Eucalyptus badjensis seedling stem,Eucalyptus badjensis,NA
Eucalyptus dorrigoensis seedling stem,Eucalyptus dorrigoensis,NA
Eucalyptus dunnii seedling leaf,Eucalyptus dunnii,NA
Eucalyptus grandis hybrid clone,Eucalyptus,NA
Eucalyptus grandis seedling leaf,Eucalyptus grandis,NA
Eucalyptus grandis tree leaf,Eucalyptus grandis,NA
Eucalyptus grandis x E. camaldulensis,Eucalyptus,NA
Eucalyptus grandis x E. urophylla,Eucalyptus,NA
Eucalyptus grandis x Eucalyptus brassiana,Eucalyptus,NA
Eucalyptus grandis x Eucalyptus camaldulensis,Eucalyptus,NA
Eucalyptus grandis x Eucalyptus pellita,Eucalyptus,NA
Eucalyptus hybrid,Eucalyptus,NA
Eucalyptus hybrid genotype,Eucalyptus,NA
Eucalyptus hybrid genotype G1 seedling leaf,Eucalyptus,NA
Eucalyptus hybrid genotype G1 tree leaf,Eucalyptus,NA
Eucalyptus hybrid genotype seedling stem,Eucalyptus,NA
Eucalyptus hybrid genotype tree branch,Eucalyptus,NA
Eucalyptus hybrid genotype tree leaf,Eucalyptus,NA
Eucalyptus hybrid seedling stem,Eucalyptus,NA
Eucalyptus nitens seedling stem,Eucalyptus nitens,NA
Eucalyptus pellita leaf,Eucalyptus pellita,NA
Eucalyptus pellita seedling leaf,Eucalyptus pellita,NA
Eucalyptus pellita tree leaf,Eucalyptus pellita,NA
Eucalyptus saligna seedling leaf,Eucalyptus saligna,NA
Eucalyptus saligna tree leaf,Eucalyptus saligna,NA
Eucalyptus smithii nursery,Eucalyptus smithii,NA
Eucalyptus smithii plantation,Eucalyptus smithii,NA
Eucalyptus smithii seedling stem,Eucalyptus smithii,NA
Eucalyptus sp. seedling stem,Eucalyptus,NA
Eucalyptus sp.; genotype: CEPT1861,Eucalyptus,NA
Eucalyptus sp.; genotype: CEPT1863,Eucalyptus,NA
Eucalyptus sp.; genotype: CEPT1867,Eucalyptus,NA
Eucalyptus sp.; genotype: CEPT1868,Eucalyptus,NA
Eucalyptus urophylla and Eucalyptus grandis hybrid clone,Eucalyptus,NA
Eucalyptus urophylla hybrid clone,Eucalyptus,NA
Eucalyptus urophylla hybrid genotype CEPT28 tree leaf,Eucalyptus urophylla,NA
Eucalyptus urophylla hybrid genotype U6 seedling leaf,Eucalyptus urophylla,NA
Eucalyptus urophylla hybrid genotype W1 seedling leaf,Eucalyptus urophylla,NA
Eucalyptus urophylla leaf,Eucalyptus urophylla,NA
Eucalyptus urophylla seedling leaf,Eucalyptus urophylla,NA
Eucalyptus urophylla x E. grandis,Eucalyptus,NA
Eucalyptus viminalis seedling stem,Eucalyptus viminalis,NA
Euchistus heros,Euschistus heros,NA
Eucleidae,Limacodidae,NA
Euclyptus,Eucalyptus,NA
Eugenia oerstediana O. Berg,Eugenia oerstediana,NA
Eulalia,Eulalia,NA
Euonymus alatus (Thunb.) Siebold,Euonymus alatus,NA
Eupatorium adenophorum,Ageratina adenophora,NA
Eupoturium,Eupatorium,NA
Euprosterna elaeasa,Euprosterna elaeasa,NA
European smoketree,Cotinus coggygria,NA
Euselasia sp.,Euselasia,NA
Eustoma grandiflorum Celeb Pink Daiya,Eustoma grandiflorum,NA
Eustoma grandiflorum PF white,Eustoma grandiflorum,NA
Euwallacea fornicatus emerged from Mangifera indica,Euwallacea fornicatus,NA
Euwallacea interjectus JS_HA01,Euwallacea interjectus,NA
Euwallacea interjectus JS_HA02,Euwallacea interjectus,NA
Euwallacea interjectus SH_PD01,Euwallacea interjectus,NA
Euwallacea interjectus SH_PD02,Euwallacea interjectus,NA
Euwallacea nr. fornicatus [Coleoptera: Curculionidae],Euwallacea,NA
Euwallacea xanthopus gallery in Erythrina lysistemon,Erythrina lysistemon,NA
Euwallaceae,Euwallacea,NA
Euwallaceae fornicatus,Euwallacea fornicatus,NA
exposed roots of Betula,Betula,NA
exposed thick root of dead Alnus incana,Alnus incana,NA
exposed thick roots of Alnus glutinosa,Alnus glutinosa,NA
exudates of bleeding stem cankers of unidentified trees,Tracheophyta,NA
exudates of Pseudopanax arboreus and Pseudopanax colensoi var. ternatus,NA,NA
eye,NA,NA
F. angustifolia,Fraxinus angustifolia,NA
F. angustifolia ssp. pannonica,Fraxinus angustifolia,NA
F. bungeana,Fraxinus bungeana,NA
F. chinensis subsp. rhynchophylla,Fraxinus chinensis,NA
F. cinerea,Fraxinus,NA
F. excelsior,Fraxinus excelsior,NA
F. excelsior cv. Aurea Pendula,Fraxinus excelsior,NA
F. excelsior cv. Globosa,Fraxinus excelsior,NA
F. excelsior cv. Heterophylla Pendula,Fraxinus excelsior,NA
F. excelsior cv. Nana,Fraxinus excelsior,NA
F. excelsior cv. Pendula,Fraxinus excelsior,NA
F. excelsior cv. Pruhoniciana,Fraxinus excelsior,NA
F. excelsior var. diversifolia,Fraxinus excelsior,NA
F. latifolia,Fraxinus latifolia,NA
F. mandshurica,Fraxinus mandshurica,NA
F. pennsylvanica,Fraxinus pennsylvanica,NA
F. pennsylvanica var. aucubifolia,Fraxinus pennsylvanica,NA
F. pennsylvanica var. lanceolata,Fraxinus pennsylvanica,NA
Faba bean (Vicia faba L),Vicia faba,NA
faba bean plant,Vicia faba,NA
fababean,Vicia faba,NA
Fagus sylvatica seed,Fagus sylvatica,NA
Falco rusticolus x cherrug,Falco,NA
falcon,Falconidae,NA
Fall army worm,Spodoptera frugiperda,NA
Fall Army Worm,Spodoptera frugiperda,NA
"Fannia canicularis (Linnaeus, 1761) (Diptera, Faniidae)",Fannia canicularis,NA
Faramea occidentalis (Rubiaceae),Faramea occidentalis,NA
FB part,NA,NA
FBpart,NA,NA
fea,NA,NA
feed,NA,NA
feijao,Phaseolus vulgaris,NA
Felicia merxmuelleri Grau.,Felicia merxmuelleri,NA
Felicia tenella (L.) Nees.,Felicia tenella,NA
feline,Felidae,NA
Female axis deer (Axis axis),Axis axis,NA
Female Boer goat (Capra aegagrus),Capra aegagrus,NA
Female Drosophila melanogaster (OR simulans),Drosophila,NA
"female Eucampsipoda africana Theodor, 1955",Eucampsipoda africana,NA
female Hovawart dog,Canis lupus familiaris,NA
"female Mastoptera guimaraesi Wenzel, 1966 (Diptera, Hippoboscoidea, Streblidae), fly vial code P_3133",Mastoptera guimaraesi,NA
"female Mastoptera guimaraesi Wenzel, 1966 (Diptera, Hippoboscoidea, Streblidae), fly vial code P_3166",Mastoptera guimaraesi,NA
"female Nycteribia vexata Westwood, 1835 (Diptera, Hippoboscoidea, Nycteribiidae)",Nycteribia vexata,NA
Female of RKN infecting eggplant,Nematoda,NA
Female of RKN infecting fig,Nematoda,NA
Female of RKN infecting Guava,Nematoda,NA
Female of RKN infecting Tomato,Nematoda,NA
Female olive fly (Bactrocera oleae),Bactrocera oleae,NA
"female Penicillidia conspicua Speiser, 1901",Penicillidia conspicua,NA
fern,Polypodiopsida,NA
Fern,Polypodiopsida,NA
fern prothallia,Polypodiopsida,NA
Fern sp.,Polypodiopsida,NA
Fern species,Polypodiopsida,NA
Ferula flabelliloba Rech. F. & Aell.,Ferula flabelliloba,NA
Ferula xylorhachis Rech. f.,Ferula xylorhachis,NA
fescue,Festuca,NA
Festuca arundinacea genuina,Festuca arundinacea,NA
Festuca arundinacea var. letourneuxiana,Festuca arundinacea,NA
Festuca arundinaceae,Festuca arundinaceae,NA
Festuca cf. rubra,Festuca,NA
Festuca eliator,Festuca eliator,NA
Festuca ovina agg.,Festuca ovina,NA
Festuca parvigluma Steud.,Festuca parvigluma,NA
Festuca rubra commutata,Festuca rubra,NA
Festuca rubra cv. commutata,Festuca rubra,NA
Festuca rubra subsp. rubra (strong creeping red fescue),Festuca rubra,NA
Festulolium,Poaceae,NA
Feuillu,Magnoliophyta,NA
Ficaria verna subsp. chrysocephala,Ficaria verna,NA
Ficus,Ficus,NA
Ficus carica L.,Ficus carica,NA
Ficus elastica (rubber tree),Ficus elastica,NA
Ficus sp.,Ficus,NA
Ficus sp. (in Viridiplantae),Ficus,NA
field peas,Pisum sativum,NA
Fig,Ficus carica,NA
fig,Ficus carica,NA
Fig (Ficus carica),Ficus carica,NA
fig bark beetle Hypoborus ficus,Hypoborus ficus,NA
fig tree,Ficus carica,NA
Fig tree live,Ficus carica,NA
fig tree; stem,Ficus carica,NA
Fig variety (Bursa Siyahi),Ficus carica,NA
filamentous green alga,Chlorophyta,NA
file snake,Acrochordus,NA
Filter paper in soil,NA,NA
Finch,Fringillidae,NA
Fingermillet,Eleusine coracana,NA
FINGERMILLET,Eleusine coracana,NA
Fir,Abies,NA
fir,Abies,NA
Firewood,NA,NA
fish tail palm,Caryota,NA
Fish tail palm,Caryota,NA
Fish-sellers,NA,NA
Fissidens cf. gymnandrus,Fissidens,NA
Flammulina sp.,Flammulina,NA
flower,Viridiplantae,NA
Flower,Viridiplantae,NA
Flower and nectar,Viridiplantae,NA
flower Leguminosae,Fabaceae,NA
flower pot,NA,NA
flowering cherry,Prunus,NA
Flowering cherry,Prunus,NA
Flowering Cherry,Prunus,NA
flowering cherry tree,Prunus,NA
flowers and cabbage,Brassica oleracea,NA
fly,Diptera,NA
"Fly, Diptera",Diptera,NA
foal,NA,NA
Foliage three (Tilia sp. / Quercus robur L./ Acer campestre L.),Magnoliopsida,NA
foliicolous,NA,NA
Fomitoporia robusta,Fomitoporia robusta,NA
Forage grasses,Poaceae,NA
forest,NA,NA
Forest soil,NA,NA
forest soil,NA,NA
Forest tree,Viridiplantae,NA
Formicidae (ant),Formicidae,NA
Formicidae (Dolichoderinae),Dolichoderinae,NA
Formicidae (Hymenoptera),Formicidae,NA
Forsythia sp.,Forsythia,NA
fox,Vulpes,NA
Fox,Vulpes,NA
Fragaria ananassa Duchesne,Fragaria,NA
Fragaria x ananassa cv. Chandler,Fragaria,NA
Fragariaxananassa,Fragaria,NA
Fraxinus angustifolia (narrow-leaved ash),Fraxinus angustifolia,NA
Fraxinus angustifolia var. australis,Fraxinus angustifolia,NA
Fraxinus angustifolia var. oxycarpa,Fraxinus angustifolia,NA
Fraxinus excelsior cv. Diversifolia,Fraxinus excelsior,NA
Fraxinus excelsior var. Angustifolia,Fraxinus excelsior,NA
Fraxinus excelsior var. Pendula,Fraxinus excelsior,NA
Fraxinus pennsylvanica var. lanceolata,Fraxinus pennsylvanica,NA
free ranging birds,Aves,NA
Free soil,NA,NA
free-living amoeba,NA,NA
free-ranging aquatic bird,Aves,NA
French beans,NA,NA
freshwater,NA,NA
Freycinetia baueriana subsp. banksii,Freycinetia baueriana,NA
Fritillaria taipaiensis P. Y. Li,Fritillaria taipaiensis,NA
Fritillaria thunbergii Miq,Fritillaria thunbergii,NA
Frog,Anura,NA
frog,Anura,NA
froghopper,Cercopoidea,NA
from healthy leaves of Alhagi maurorum,Alhagi maurorum,NA
from rhizosphere soil of chickpea,Cicer arietinum,NA
From sorghum rhizospheric soil,Sorghum bicolor,NA
From sugarcane leaf as endophyte,Saccharum officinarum,NA
fruit,Viridiplantae,NA
Fruit,Viridiplantae,NA
Fruit (Dipterocarpus sp.),Dipterocarpus,NA
fruit body tissue on a fallen tree 2000,NA,NA
Fruit fly,Tephritidae,NA
Fruit of Artocarpus heterophyllus,Artocarpus heterophyllus,NA
Fruit peach,Prunus persica,NA
fruit pericarp of Calophyllum inophyllum,Calophyllum inophyllum,NA
fruit pericarp of Rutaceae,Rutaceae,NA
fruit pericarp of Swietenia sp.,Swietenia,NA
FRUIT WASTE,NA,NA
fruit with jujube fruit shrink disease,Ziziphus jujuba,NA
Fruitfly,Tephritidae,NA
fruiting bodies of Auricularia sp.,Auricularia,NA
fruiting body of Armillara sp.,Armillaria,NA
fruiting body of Auricularia sp.,Auricularia,NA
fruiting body of Boletus sp.,Boletus,NA
fruiting body of Phlebopus sp.,Phlebopus,NA
fruiting body of Pleurotus sp.,Pleurotus,NA
fruiting body of Ramaria sp.,Ramaria,NA
fruiting body of Russula sp.,Russula,NA
fruits,Magnoliophyta,NA
Fruits of Averrhoa bilimbi Linn.,Averrhoa bilimbi,NA
fruits of Libidibia ferrea,Libidibia ferrea,NA
Fruits of Phyllanthus emblica,Phyllanthus emblica,NA
fruits pericarp of Quercus sp.,Quercus,NA
Frullania cf. tamarisci,Frullania,NA
Fucus sp. (seaweed),Fucus,NA
Fuji apple fruit,Malus domestica,NA
fungal,Fungi,NA
fungal carpophore of Pholiota,Pholiota,NA
Fungal comb of Microtermes insperatus,Microtermes insperatus,NA
fungus,Fungi,NA
Fungus,Fungi,NA
Fungus-growing plants,Viridiplantae,NA
furniture,NA,NA
G. glabra,Glycyrrhiza glabra,NA
G.Hirsutum L.,Gossypium hirsutum,NA
Galactica sp.,Galactica,NA
Galleria mellonella in soil,Galleria mellonella,NA
Galleria mellonella L. larvae,Galleria mellonella,NA
gallery of ambrosia beetle in decayed log of Quercus sp.,Scolytinae,NA
Ganoderma basidioma,Ganoderma,NA
Ganoderma lucidum Karst,Ganoderma lucidum,NA
garden tomato,Solanum lycopersicum,NA
Gastrodia elata Bl. f. elata,Gastrodia elata,NA
Gaultheria myrsinoides,Gaultheria,NA
Gazania krebsiana Less.,Gazania krebsiana,NA
Gazania sp.,Gazania,NA
GEL4468,NA,NA
Gelleria mellonella,Galleria mellonella,NA
Gelliodes fibrosa,Gelliodes,NA
Gelliodes fibrosa,Gelliodes,NA
Gemmabryum cf. klinggraeffii,Gemmabryum,NA
Gemmabryum cf. radiculosum,Gemmabryum,NA
Geraeus senilis,Geraeus senilis,NA
Geranium hybrid cultivar,Geranium,NA
Gerbera jamesonii Bolus,Gerbera jamesonii,NA
Gerbera sp.,Gerbera,NA
Germanium,NA,NA
Germany,NA,NA
ghost moth,Lepidoptera,NA
ghost moth larva,Lepidoptera,NA
GIAL01R,NA,NA
GIAL02R,NA,NA
GIAL03F,NA,NA
GIAL03R,NA,NA
GIAL04R,NA,NA
GIAL05R,NA,NA
GIAL06F,NA,NA
gilliflower,Dianthus,NA
Glandularia x hybrida (Verbena x hybrida),Glandularia,NA
Gleditsia caspica Desf.,Gleditsia caspica,NA
Glycine max (L.) Merr,Glycine max,NA
Glycine max (L.) Merr.,Glycine max,NA
Glycine max (L.) Merr. cv. Wells,Glycine max,NA
Glycine max (L.) Merrill.,Glycine max,NA
Glycine max cultivar Monarca,Glycine max,NA
Glycine max cv. Annushka,Glycine max,NA
Glycine max cv. Atlanta,Glycine max,NA
Glycine max cv. Enrei,Glycine max,NA
Glycine max cv. Lajma,Glycine max,NA
Glycine max cv. Madlen,Glycine max,NA
Glycine max cv. Mavka,Glycine max,NA
Glycine max cv. Smuglyanka,Glycine max,NA
Glycine max cv. Violetta,Glycine max,NA
Glycine max L,Glycine max,NA
Glycine max L.,Glycine max,NA
Glycine max L. Merr.,Glycine max,NA
Glycine max Merr.,Glycine max,NA
Glycine max subsp. max,Glycine max,NA
Glycine max; cultivar: NA 5909 RR,Glycine max,NA
Glycinemax,Glycine max,NA
Glycyrrhiza glabra L.,Glycyrrhiza glabra,NA
Glycyrrhiza uralensis Fisch,Glycyrrhiza uralensis,NA
Glycyrrhiza uralensis Fisch.,Glycyrrhiza uralensis,NA
goji (Lycium barbarum),Lycium barbarum,NA
goldfinch,Fringillidae,NA
Goldfinch,Fringillidae,NA
Golovinomyces cichoracearum infecting Lactuca sp.,Lactuca,NA
Golovinomyces cichoracearum infecting Rudbeckia sp.,Rudbeckia,NA
Gondre,Cirsium setidens,NA
gongy lopus adyposus,NA,NA
Goniorrhachis marginata Taub.,Goniorrhachis marginata,NA
Goodyera foliosa var. maximowiziana,Goodyera foliosa,NA
Goodyera hachijoensis var. izuhsmensis,Goodyera hachijoensis,NA
gooseberry,Ribes,NA
goral,Naemorhedus,NA
gorgonian,Alcyonacea,NA
Gossypium hirsutum (Malvaceae),Gossypium hirsutum,NA
Gossypium hirsutum L.,Gossypium hirsutum,NA
gourd,Cucurbitaceae,NA
Grains,NA,NA
Graminae,Poaceae,NA
Graminae/Carex,Poales,NA
granatum,Punica granatum,NA
Grande Naine (AAA),Musa,NA
grap,Vitis,NA
grape,Vitis,NA
Grape,Vitis,NA
Grape leaf,Vitis,NA
grape vine,Vitis,NA
Grapefuit,Citrus,NA
Grapes,Vitis,NA
Grapevine,Vitis vinifera,NA
grapevine,Vitis vinifera,NA
grapevine (Vitis vinifera L. cultivar Sharad Seedless),Vitis vinifera,NA
Grapevine (Vitis vinifera L.),Vitis vinifera,NA
grapevine cultivar Ramsey,Vitis,NA
Grapevine cv. Cabernet Sauvignon,Vitis vinifera,NA
grapevine cv. Crimson Seedless,Vitis vinifera,NA
grapevine cv. Furmint,Vitis vinifera,NA
grapevine cv. Harslevelu,Vitis vinifera,NA
Grapevine cv. Kishmish Rosavis,Vitis vinifera,NA
Grapevine cv. Manik Chaman,Vitis vinifera,NA
grapevine cv. Niagara Branca,Vitis,NA
Grapevine cv. Sarita Seedless,Vitis vinifera,NA
Grapevine cv. Sekerie,Vitis vinifera,NA
Grapevine Dogridge rootstock,Vitis,NA
Grapevine genotype AH-3-20,Vitis,NA
grapevine nursery,Vitis,NA
Grapevine root,Vitis,NA
Grapevine Rootstock,Vitis,NA
Grapevines,Vitis,NA
Graphis,Graphis,NA
Graptopsaltria nigrofuscata (adult),Graptopsaltria nigrofuscata,NA
Graptopsaltria nigrofuscata (nymph),Graptopsaltria nigrofuscata,NA
grass,Poaceae,NA
grass (Poaceae),Poaceae,NA
Grass (Saccharum spontaneum; Poaceae),Saccharum spontaneum,NA
grass cyperus,Cyperus,NA
grass herb forest,Poaceae,NA
Grass lawn,Poaceae,NA
Grass litter,Poaceae,NA
Grass near oak,Poaceae,NA
grass pea,Lathyrus sativus,NA
Grass Pea,Lathyrus sativus,NA
grass Poaceae,Poaceae,NA
grass root print,Poaceae,NA
Grass sp.,Poaceae,NA
grass sp.,Poaceae,NA
grass species,Poaceae,NA
grass-snake,Natrix,NA
grass:grass silage,Poaceae,NA
grasses,Poaceae,NA
grasshopper,Orthoptera,NA
Grassland,NA,NA
grassland,NA,NA
Grateloupia sp. (macroalga),Grateloupia,NA
Graucoides,NA,NA
graviola,Annona muricata,NA
gray kangaroo,Macropodidae,NA
Gray weevil,Curculionidae,NA
green weevil,Curculionidae,NA
Greengram,Vigna radiata,NA
greengramm,Vigna radiata,NA
Ground nut crop field,NA,NA
Ground water waste,NA,NA
Groundnut,Arachis hypogaea,NA
groundnut,Arachis hypogaea,NA
GROUNDNUT,Arachis hypogaea,NA
groundnut Crop,Arachis hypogaea,NA
Groundnuts,Arachis hypogaea,NA
groundnuts,Arachis hypogaea,NA
Grown in Sabouraud agar culture medium,NA,NA
Grown in Sabouraud agar culture medium.,NA,NA
Grown on agar,NA,NA
grub,Coleoptera,NA
Gryllotalpa gryllotalpa L.,Gryllotalpa gryllotalpa,NA
Guapira clasica,Guapira,NA
Guapira granclasica,Guapira,NA
Guarea sp. F.Allam ex L.,Guarea,NA
Guettarda acreana K. Krause,Guettarda acreana,NA
Guggal,Commiphora wightii,NA
guineapig,Cavia porcellus,NA
gulupa,Passiflora edulis,NA
Gurania sp.,Gurania,NA
gut,NA,NA
gut insect,Insecta,NA
GUT OF BEE,Apidae,NA
gut of beetle,Coleoptera,NA
Gut of black hairy wasp,Hymenoptera,NA
GUT OF ORTHOPTER ORDER OF INSECT,Orthoptera,NA
GUT OF ORTHOPTERA INSECT,Orthoptera,NA
gut termite,Isoptera,NA
Gybsum,NA,NA
Gymnopodium floribundum (Polygonaceae),Gymnopodium floribundum,NA
gymnosperm,Acrogymnospermae,NA
Gymnosporangium cornutum (Pers.) Arthur on Sorbus aucuparia L.,Sorbus aucuparia,NA
Gymnosporangium sabinae (Dicks.) G. Winter on Pyrus communis L.,Pyrus communis,NA
Gypsolphila repens,Gypsophila repens,NA
Gypsophilla paniculata,Gypsophila paniculata,NA
Gypsophyla struthium,Gypsophila struthium,NA
H. filipjevi,Heterodera filipjevi,NA
H. heamatostroma,Piloctenus haematostoma,NA
H. littoralis,Heritiera littoralis,NA
H. pialusoberthur,Hepialidae,NA
H. podocarpum,NA,NA
hackberry,Celtis,NA
Hackberry,Celtis,NA
Hadrodemas warscewiczianum,Hadrodemas warscewiczianum,NA
Hair Coats of Domestic Cats,Felis catus,NA
Halaga shot hole borer,Coleoptera,NA
halibut,Hippoglossus,NA
Halyomorpha halys (Sta'l),Halyomorpha halys,NA
hamei,NA,NA
Hami melon,Cucumis melo,NA
hamimelon,Cucumis melo,NA
hamster,Cricetinae,NA
Hapalocystis bicaudata,Hapalocystis bicaudata,NA
"Hard Coral, Favia sp.",Favia,NA
hardwood,Viridiplantae,NA
Hardwood,Viridiplantae,NA
hardwood (?),Magnoliophyta,NA
hardwoods,Magnoliophyta,NA
Harehime,Citrus,NA
Hawthorn fruit,Crataegus,NA
Hawthorn tree,Crataegus,NA
hazelnut,Corylus avellana,NA
Hazelnut,Corylus avellana,NA
Head,NA,NA
Healthy chickpea plants,Cicer arietinum,NA
heart pediatric transplant recipients,Homo sapiens,NA
Heart Transplant Recipients,Homo sapiens,NA
Hedera helix; leaf,Hedera helix,NA
hedgehog,Erinaceidae,NA
Hedyosmum goudotianum (Chloranthaceae),Hedyosmum goudotianum,NA
Heleocharis dulcis,Heleocharis dulcis,NA
Helianthemum sp.,Helianthemum,NA
Helianthus annuus (sunflower),Helianthus annuus,NA
Heliconia sp.,Heliconia,NA
Heliconia sp. L.,Heliconia,NA
Heliconia spp.,Heliconia,NA
Helicoverpa armigera larvae,Helicoverpa armigera,NA
Heliosperma pusillum (synonym: Silene pusilla W. & K.),Heliosperma pusillum,NA
Helleboraceae,Ranunculaceae,NA
Hellebores,Helleborus,NA
Helopeltis theivora (tea pest),Helopeltis theivora,NA
Hemidactylus sp. (gekko),Hemidactylus,NA
Hemiptera (cicada nymph),Cicadidae,NA
Hemiptera (cicada),Cicadidae,NA
Hemiptera (cicada); dev_stage: nymph,Cicadidae,NA
Hemiptera (cicada); nymph,Cicadidae,NA
Hemiptera (insect),Hemiptera,NA
Hemiptera (leafhopper),Cicadellidae,NA
Hemiptera; cicada,Cicadoidea,NA
Hemiptera; cicada (nymph),Cicadoidea,NA
Hemiptera; Cryptotympana,Cryptotympana,NA
Hemiptera; Hyalessa,Hyalessa,NA
Hemiptera; Macrosemia,Macrosemia,NA
Hemiptera; Pentatomidae,Pentatomidae,NA
Hemiptera; Pomponia,Pomponia,NA
Hemiptera: Psylloidea,Psylloidea,NA
Hemiptera:Cicadellidae,Cicadellidae,NA
Hemipteran,Hemiptera,NA
Hemipteran insect,Hemiptera,NA
hemipteran insect,Hemiptera,NA
hemlock,Tsuga,NA
Hepiadoidea,Hepialoidea,NA
Hepialidae; dev_stage: larva,Hepialidae,NA
Hepialus armoricanus Oberthur,Hepialus armoricanus,NA
Hepialus sp.,Hepialus,NA
hepiaua larva,Hepialidae,NA
Hepiaua sp.; dev_stage: larva,Hepiaua,NA
herb,Viridiplantae,NA
herbaceous vine,Viridiplantae,NA
herbal,NA,NA
Herrania sp.,Herrania,NA
Heteronyx piceus,Heteronyx piceus,NA
Heteropogon,Heteropogon,NA
Hetroxenia fuscescens,Hetroxenia fuscescens,NA
Heuchera sanguinea Engelm.,Heuchera sanguinea,NA
Hevea brasiliensis (rubber tree) cultivar CDC312,Hevea brasiliensis,NA
Hibiscus sabdariffa L.,Hibiscus sabdariffa,NA
Hibiscus sabdariffa seedling,Hibiscus sabdariffa,NA
Hickory,Carya,NA
Hieroglyphus banian (Rice Grass hopper),Hieroglyphus banian,NA
high,NA,NA
Higher angiosperms <Shorea robusta>,Shorea robusta,NA
highland barley,Hordeum vulgare,NA
highlang barley (qingke),Hordeum vulgare,NA
Hignland barley,Hordeum vulgare,NA
hignland barley,Hordeum vulgare,NA
Hinoki cypress,Chamaecyparis obtusa,NA
Hippeastrum goianum,Hippeastrum goianum,NA
Hippophae rhamnoides L.,Hippophae rhamnoides,NA
Hippophaerhamnoides,Hippophae rhamnoides,NA
hippotamus,Hippopotamus amphibius,NA
HIV+ patients,Homo sapiens,NA
hodgehogs,Erinaceidae,NA
Holarrhena sp.,Holarrhena,NA
holly,Ilex,NA
Holotrichia morosa,Holotrichia morosa,NA
Holotrichia serrata (root grub),Holotrichia serrata,NA
Holotrichia sp. (root grub),Holotrichia,NA
Holoturia poli,Holothuria poli,NA
Homalinotus coriaceus,Homalinotus coriaceus,NA
Homeo sapiens,Homo sapiens,NA
Homo sapiens 73 year old female,Homo sapiens,NA
Homoptera sp.,Homoptera,NA
Homosapienns,Homo sapiens,NA
Homosopiencs,Homo sapiens,NA
Homosopiens,Homo sapiens,NA
Honey,NA,NA
Honey-Bees larvae Host tissue,Apis,NA
honeysuckle,Lonicera,NA
Hong Jiang Orange,Citrus,NA
honge,Millettia pinnata,NA
Hongmeiren,Citrus,NA
hongos con cuerpo fructifero,Fungi,NA
hop,Humulus lupulus,NA
hops,Humulus lupulus,NA
Hops,Humulus lupulus,NA
"Hordeum bogdanii (PI 269406, Parwan, Afganistan, 1960)",Hordeum bogdanii,NA
"Hordeum bogdanii (PI 314696, Kazakhstan, 1966)",Hordeum bogdanii,NA
"Hordeum bogdanii (PI 440413, Kazakhstan, 1977)",Hordeum bogdanii,NA
"Hordeum bogdanii (PI 440414, Kazakhstan, 1977)",Hordeum bogdanii,NA
"Hordeum bogdanii (PI 499501, Xinjiang, China, 1980)",Hordeum bogdanii,NA
"Hordeum bogdanii (PI 499643, Xinjiang, China, 1983)",Hordeum bogdanii,NA
"Hordeum bogdanii (PI 499645, Xinjiang, China, 1983)",Hordeum bogdanii,NA
"Hordeum bogdanii (PI 499646, China, 1983)",Hordeum bogdanii,NA
"Hordeum bogdanii (PI 531761, China, 1983)",Hordeum bogdanii,NA
Hordeum bogdanii; PI 269406,Hordeum bogdanii,NA
Hordeum bogdanii; PI 314696,Hordeum bogdanii,NA
Hordeum bogdanii; PI 440413,Hordeum bogdanii,NA
Hordeum bogdanii; PI 440414,Hordeum bogdanii,NA
Hordeum bogdanii; PI 499501,Hordeum bogdanii,NA
Hordeum bogdanii; PI 499643,Hordeum bogdanii,NA
Hordeum bogdanii; PI 499645,Hordeum bogdanii,NA
Hordeum bogdanii; PI 499646,Hordeum bogdanii,NA
Hordeum bogdanii; PI 531761,Hordeum bogdanii,NA
"Hordeum brevisubulatum (PI 639695, Kazakhstan, 2003)",Hordeum brevisubulatum,NA
"Hordeum brevisubulatum (PI 639696, Kazakhstan, 2003)",Hordeum brevisubulatum,NA
"Hordeum brevisubulatum ssp. violaceum (PI 401386, Semnan, Iran, 1972)",Hordeum brevisubulatum,NA
"Hordeum brevisubulatum ssp. violaceum (PI 440420, Kazakhstan, 1977)",Hordeum brevisubulatum,NA
Hordeum brevisubulatum ssp. violaceum; PI 401386,Hordeum brevisubulatum,NA
Hordeum brevisubulatum ssp. violaceum; PI 440420,Hordeum brevisubulatum,NA
Hordeum brevisubulatum; PI 639695,Hordeum brevisubulatum,NA
Hordeum brevisubulatum; PI 639696,Hordeum brevisubulatum,NA
"Hordeum comosum (PI 264404, Argentina, 1960)",Hordeum comosum,NA
"Hordeum comosum (PI 264405, Argentina, 1960)",Hordeum comosum,NA
"Hordeum comosum (PI 269648, Argentina, 1960)",Hordeum comosum,NA
Hordeum comosum; PI 264404,Hordeum comosum,NA
Hordeum comosum; PI 264405,Hordeum comosum,NA
Hordeum comosum; PI 269648,Hordeum comosum,NA
Hordeum murinum subsp. murinum L.,Hordeum murinum,NA
Hordeum vulgare L.var. nudum Hook.f.,Hordeum vulgare,NA
Hordeum vulgare subsp vulgare,Hordeum vulgare,NA
hornbeam,Carpinus,NA
horsefly; adult,Tabanidae,NA
horsefly; dev_stage: adult,Tabanidae,NA
Horsegram,Macrotyloma uniflorum,NA
Hospital,NA,NA
Host NotKnown,NA,NA
Host-dead leaf of Pteris cretica,Pteris cretica,NA
host=Lanurgus sp.,Lanurgus,NA
hosty,NA,NA
house fly (Musca domestica),Musca domestica,NA
house plant,Viridiplantae,NA
hoverfly,Syrphidae,NA
Howthorn,Crataegus,NA
Human (Diabetes millets),Homo sapiens,NA
human and cat,NA,NA
human bronchoalveolar lavage fluid,Homo sapiens,NA
human cadaver,Homo sapiens,NA
Human cornea,Homo sapiens,NA
human corpse,Homo sapiens,NA
human cutaneous exudate sample,Homo sapiens,NA
Human female 04,Homo sapiens,NA
Human female 62,Homo sapiens,NA
Human female 69,Homo sapiens,NA
Human female 70,Homo sapiens,NA
Human male 28,Homo sapiens,NA
Human male 48,Homo sapiens,NA
Human male 64,Homo sapiens,NA
human nail sample,Homo sapiens,NA
"human nail, Astana",Homo sapiens,NA
Human pathogenic,Homo sapiens,NA
Human Patient,Homo sapiens,NA
human patient immunosuppressed by heart transplant,Homo sapiens,NA
Human semen,Homo sapiens,NA
Human stool,Homo sapiens,NA
human VIH patient,Homo sapiens,NA
Human-Blood,Homo sapiens,NA
Human-Leukemic patient,Homo sapiens,NA
"human, 16y, male, Tinea cruris et corporis",Homo sapiens,NA
"human, 17y, female, Tinea cruris et corporis",Homo sapiens,NA
"human, 18y, male, Tinea cruris",Homo sapiens,NA
"human, 20y, male, Tinea corporis",Homo sapiens,NA
"human, 21y, male, Tinea corporis",Homo sapiens,NA
"human, 23y, male, Tinea cruris et corporis",Homo sapiens,NA
"human, 24y, male, Tinea cruris",Homo sapiens,NA
"human, 35y, female, Tinea corporis",Homo sapiens,NA
"human, 35y, female, Tinea cruris et corporis",Homo sapiens,NA
"human, 38y, male, Tinea cruris, corporis et faciei",Homo sapiens,NA
"human, 47y, male, Tinea cruris et corporis",Homo sapiens,NA
"human, 58y, male, Tinea cruris et corporis",Homo sapiens,NA
"human, 63y, female, Tinea cruris et corporis",Homo sapiens,NA
"human, 70y, male, Tinea cruris",Homo sapiens,NA
humus,NA,NA
Hunman,Homo sapiens,NA
Huperzia serrata (medicinal plant),Huperzia serrata,NA
Huperzia serrata (rare medical plant),Huperzia serrata,NA
Huperzia whangshanensis,Huperzia whangshanensis,NA
hyacinth,Hyacinthus,NA
Hyacinthus sp.,Hyacinthus,NA
Hyadaphis foeniculi passerini,Hyadaphis foeniculi,NA
hybiscus,Hibiscus,NA
hybrid (Salix aurita) 38-x-aur (E),Salix,NA
hybrid (Salix lanata) 102-1-x-lan (E),Salix,NA
hybrid (Salix lanata) 102-2-x-lan (E),Salix,NA
hybrid (Salix lanata) 102-3-x-lan (E),Salix,NA
hybrid (Salix lapponum) 100-x-lap (E),Salix,NA
hybrid (Salix lapponum) 116-1-x-lap (E),Salix,NA
hybrid (Salix lapponum) 116-2-x-lap (E),Salix,NA
hybrid (Salix lapponum) 136-x-lap (E),Salix,NA
hybrid (Salix lapponum) 75-x-lap (E),Salix,NA
hybrid (Salix lapponum) 76-x-lap (E),Salix,NA
hybrid (Salix lapponum) 98-x-lap (E),Salix,NA
hybrid (Salix lapponum) 99-x-lap (E),Salix,NA
hybrid (Salix myrsinifolia) 17-1-x-myrf (E),Salix,NA
hybrid (Salix myrsinifolia) 17-2-x-myrf (E),Salix,NA
hybrid (Salix myrsinifolia) 18-1-x-myrf (E),Salix,NA
hybrid (Salix myrsinifolia) 18-2-x-myrf (E),Salix,NA
hybrid (Salix myrsinifolia) 53-1-x-myrf (E),Salix,NA
hybrid (Salix myrsinifolia) 53-2-x-myrf (E),Salix,NA
hybrid (Salix myrsinites) 105-x-myrs (E),Salix,NA
hybrid (Salix myrsinites) 106-x-myrs (E),Salix,NA
hybrid (Salix myrsinites) 107-x-myrs (E),Salix,NA
hybrid (Salix myrsinites) 120-x-myrs (E),Salix,NA
hybrid (Salix myrsinites) 74-x-myrs (E),Salix,NA
hybrid (Salix myrsinites) 77-x-myrs (E),Salix,NA
hybrid (Salix myrsinites) 78-x-myrs (E),Salix,NA
hybrid (Salix myrsinites) 79-x-myrs (E),Salix,NA
hybrid (Salix myrsinites) 80-x-myrs (E),Salix,NA
hybrid (Salix myrsinites) 81-x-myrs (E),Salix,NA
hybrid (Salix myrsinites) 82-x-myrs (E),Salix,NA
hybrid (Salix myrsinites) 86-x-myrs (E),Salix,NA
hybrid (Salix myrsinites) 87-x-myrs (E),Salix,NA
hybrid (Salix myrsinites) 91-1-x-myrs (E),Salix,NA
hybrid (Salix myrsinites) 91-2-x-myrs (E),Salix,NA
hybrid strawberry,Fragaria,NA
hybrids,NA,NA
Hydrocotyle sp.,Hydrocotyle,NA
Hylobius abietis (pine weevil),Hylobius abietis,NA
Hylocereus sp. (dragon fruit),Hylocereus,NA
Hymenocallislittoralis,Hymenocallis littoralis,NA
Hymenoptera (insect),Hymenoptera,NA
Hymenoptera (wasp),Hymenoptera,NA
Hymenoptera: Apidae,Apidae,NA
Hymenoptera: Formicidae,Formicidae,NA
Hymenoptera: Tiphiidae,Tiphiidae,NA
Hymenoptera: Vespidae,Vespidae,NA
hymenoptero,Hymenoptera,NA
Hymenotera,Hymenoptera,NA
Hyparrhenia sp.,Hyparrhenia,NA
Hyperaspis vinciguerrae,Hyperaspis,NA
"Hyperaspis vinciguerrae Capra, 1929",Hyperaspis,NA
Hypericum mysorense,Hypericum mysorense,NA
Hypholoma cf. australe,Hypholoma,NA
Hypnum sp.,Hypnum,NA
Hypochaeris glabra L.,Hypochaeris glabra,NA
Hypopholis sommeri beetle,Hypopholis sommeri,NA
Hypopholis sommeri L3,Hypopholis sommeri,NA
Hypopholis sommeri larva,Hypopholis sommeri,NA
Hypopholis sommeri pupa,Hypopholis sommeri,NA
Hypothenemus hampei (Coleoptera; Scolytidae),Hypothenemus hampei,NA
Hypothenemus hampei (Coleoptera: Curculionidae: Scolytinae),Hypothenemus hampei,NA
Hypoxylon cf. cyclopicum,Hypoxylon,NA
Hypoxylon cf. howeanum,Hypoxylon,NA
Hypoxylon cyclopicum,Hypoxylon cyclopicum,NA
Hypsizigus marmroeus,Hypsizygus marmoreus,NA
Hyptis suaveolens (L.) Poit.,Hyptis suaveolens,NA
Hyrtios erectus (marine sponge),Hyrtios erectus,NA
ichneumonid,Ichneumonidae,NA
Ichnosiphon,Ischnosiphon,NA
Idea leuconoe (insects),Idea leuconoe,NA
igneumonid,Ichneumonidae,NA
Ilex paraguariensis seeds,Ilex paraguariensis,NA
Incurvariidae sp.,Incurvariidae,NA
Indarbela sp. (litchi bark-eating caterpillar),Indarbela,NA
indet,NA,NA
India,NA,NA
Indian basil,Ocimum,NA
Indian Macaca rhesus,Macaca mulatta,NA
Industrial potatoes,Solanum tuberosum,NA
Industrial waste,NA,NA
Industrial wastewater,NA,NA
Infected adult of Orthoptera in Chayote,Orthoptera,NA
infected apple,Malus domestica,NA
infected apple fruit,Malus domestica,NA
infected citrus,Citrus,NA
infected flowers,Viridiplantae,NA
Infected Leaves,Viridiplantae,NA
infected mustard,Brassicaceae,NA
infected Oryza sativa,Oryza sativa,NA
Infected potato tuber,Solanum tuberosum,NA
Infected Rice,Oryza sativa,NA
infected sweet pepper,Capsicum annuum,NA
Infected Tamato,Solanum lycopersicum,NA
Infected Vicia faba root,Vicia faba,NA
Infected Vicia faba stem,Vicia faba,NA
Infected white grub cadaver (Holotrichia serrata) obtained from maize debris,Holotrichia serrata,NA
infested superworm,Insecta,NA
Inga vera (Fabaceae),Inga vera,NA
Inocybe adequata,Inocybe,NA
insect,Insecta,NA
Insect,Insecta,NA
insect (Hemiptera),Hemiptera,NA
Insect (Hemiptera),Hemiptera,NA
insect (Hymenoptera),Hymenoptera,NA
Insect (Hymenoptera),Hymenoptera,NA
Insect cadaver,Insecta,NA
insect cadaver,Insecta,NA
insect cadavers,Insecta,NA
insect in the order Lepidoptera,Lepidoptera,NA
Insect larva,Insecta,NA
"Insect, Larvae",Insecta,NA
Insect(Bemisia tabaci),Bemisia tabaci,NA
inset,Insecta,NA
Institute of Molecular Biology and Biotechnology Lab No. 6,NA,NA
Ipomoea batatas Agrosavia Aurora Variety,Ipomoea batatas,NA
Ipomoea batatas cv. Benimasari,Ipomoea batatas,NA
Ipomoea batatas L.,Ipomoea batatas,NA
Ipomoea crinicalyx (Convolvulaceae),Ipomoea crinicalyx,NA
Ipomoea hederifolia (Convolvulaceae),Ipomoea hederifolia,NA
Ipomoea nil (Convolvulaceae),Ipomoea nil,NA
Ipomoea triloba (Convolvulaceae),Ipomoea triloba,NA
Ips acuminatus on Pinus sylvestris,Pinus sylvestris,NA
Ips cembrae on Larix decidua,Larix decidua,NA
Ips sexdentatus (beetle),Ips sexdentatus,NA
Ips sp.,Ips,NA
Ips typographus intestines,Ips typographus,NA
Iran,NA,NA
Iran-Qum-Veshnaveh,NA,NA
Iris ensata Thumb.,Iris ensata,NA
Iris germanica (cult.),Iris germanica,NA
Iris lactea Pall var. chinensis (Fisch) Koidg,Iris lactea,NA
Iris sp.,Iris,NA
Iris sp. (monocot),Iris,NA
Iris sp. <angiosperm>,Iris,NA
Iris tectorum Maxim,Iris tectorum,NA
Irish potato,Solanum tuberosum,NA
Irvingia sp.,Irvingia,NA
Isabgol,Plantago ovata,NA
"Isoetes lacustris, Littorella uniflora",NA,NA
isolated from twigs of Quercus brantii,Quercus brantii,NA
Isoptera: Termitidae,Termitidae,NA
israel,NA,NA
Issidae (Hemiptera Fulgoridae),Issidae,NA
Italy,NA,NA
J. lutchuensis,Juniperus lutchuensis,NA
Jabuticaba,Plinia,NA
Jaisalmer,NA,NA
jalapeno,Capsicum annuum,NA
Jameema,NA,NA
Jamelao,Syzygium cumini,NA
Jamun,Syzygium cumini,NA
jasmine,Jasminum,NA
Jatropa,Jatropha,NA
Jatropa curcus (phyloplane),Jatropha curcas,NA
Jatropha cf. cinerea,Jatropha,NA
Jatropha curcas (phyloplane),Jatropha curcas,NA
Jatropha multifida L,Jatropha multifida,NA
jellyfish,Cnidaria,NA
Jiaqi Yuan,NA,NA
Jilo,Solanum aethiopicum,NA
Jowar,Sorghum bicolor,NA
Juglans californica x Juglans hindsii,Juglans,NA
Juglans hindsii x Juglans major,Juglans,NA
Juglans hindsii x Juglans nigra,Juglans,NA
Juglans regia cv. Franquette,Juglans regia,NA
Juglans regia L.,Juglans regia,NA
Juglans sigillata Dode,Juglans sigillata,NA
Juglansregia,Juglans regia,NA
juice,NA,NA
jujube,Ziziphus jujuba,NA
Julgans nigra,Juglans nigra,NA
Jumping spider,Salticidae,NA
Juncus rigidus Desf.,Juncus rigidus,NA
Junglans regia L.,Juglans regia,NA
juniper,Juniperus,NA
Juniper,Juniperus,NA
Juniperus (prostrate),Juniperus,NA
Juniperus occidentalis var. Australis,Juniperus occidentalis,NA
Justicia wynaadensis Heyne.,Justicia wynaadensis,NA
Juveniles of RKN infecting Tomato,Nematoda,NA
Kadaka,NA,NA
Kadamba,Neolamarckia cadamba,NA
kadamba,Neolamarckia cadamba,NA
KADAMBA,Neolamarckia cadamba,NA
Kalmegh,Andrographis paniculata,NA
Kalmia angustifolia root,Kalmia angustifolia,NA
Kalonchoe,Kalanchoe,NA
kangroo,Macropodidae,NA
Karenia sp.,Karenia,NA
Karenia sp. (in: bugs),Karenia,NA
Karonda,Carissa carandas,NA
karonda,Carissa carandas,NA
Katydid nymph (Orthoptera: Gryllacrididae),Gryllacrididae,NA
kefir,NA,NA
Kelinia neriifolia,Kleinia neriifolia,NA
kelp,Laminariales,NA
Kentia,Howea forsteriana,NA
Kerubino,NA,NA
Keteleeria davidiana var. calcerea,Keteleeria davidiana,NA
Keteleeria evelyniana Mast.,Keteleeria evelyniana,NA
key lime,Citrus aurantiifolia,NA
Khirni,Manilkara hexandra,NA
Kidneybean,Phaseolus vulgaris,NA
King Chilli,Capsicum chinense,NA
King chilli(Capsicum chinense),Capsicum chinense,NA
kinnow,Citrus,NA
Kinnow,Citrus,NA
kiwi,Actinidia,NA
Kiwi tree,Actinidia,NA
kiwifrui,Actinidia,NA
kiwis tree,Actinidia,NA
Kodomillet,Paspalum scrobiculatum,NA
Koelreuteria elegans (Seem.) A.C. Sm. subsp. formosana (Hayata) F.G. Mey.,Koelreuteria elegans,NA
Koelreuteria elegans (Seem.) A.C. Sm. subsp. formosana (Hayata) F.G. Mey. (Sapindaceae),Koelreuteria elegans,NA
kombucha,NA,NA
Kombucha,NA,NA
Kraussaria angulifera,Kraussaria angulifera,NA
Kretzschmaria cf. clavus,Kretzschmaria,NA
Kretzschmaria cf. deusta,Kretzschmaria,NA
Kuehneola albida (J. G. Kuehn) Magnus on Rubus fruticosus agg. L.,Rubus,NA
kumquat,Citrus japonica,NA
kwifruit,Actinidia,NA
L. aspera,Liatris aspera,NA
L. migratoria,Locusta migratoria,NA
Laactuca,Lactuca,NA
Laburnum sp.,Laburnum,NA
Lachnosterna morosa,Lachnosterna morosa,NA
Lacmellea panamensis (Apocynaceae),Lacmellea panamensis,NA
Lactarius aff. fragilis,Lactarius,NA
Lactarius cf. vellereus,Lactarius,NA
Lactuca raddeana var. elata,Lactuca raddeana,NA
Lactuca scariola,Lactuca serriola,NA
lady beetles fly,Coccinellidae,NA
ladybug,Coccinellidae,NA
Laedaporous,NA,NA
Lagenophora lanata A. Cunn.,Lagenophora lanata,NA
Lagenophora stipitata (Labill.) Druce,Lagenophora stipitata,NA
Lagria villosa (insect) egg,Lagria villosa,NA
Lallemantia iberica (Dragon Head),Lallemantia iberica,NA
lamb,Ovis aries,NA
lambs lettuce,Valerianella locusta,NA
Lambsquarters,Chenopodium album,NA
land,NA,NA
Lanurgus sp. 1,Lanurgus,NA
Lanurgus sp. 3,Lanurgus,NA
lanzhucao,NA,NA
larch,Larix,NA
larkspur,Delphinium,NA
larva,Insecta,NA
larva of Geometridae,Geometridae,NA
larva of Lepidoptera,Lepidoptera,NA
larvae,Insecta,NA
larvae A. aegypti,Aedes aegypti,NA
Larvae of Stenoma cecropia,Stenoma cecropia,NA
Lasiacis sp.,Lasiacis,NA
Lathyrus sativus (grass pea),Lathyrus sativus,NA
Lathyrus sativus L.,Lathyrus sativus,NA
latifolia,NA,NA
Launaea pumila,Launaea,NA
Laurus sp.,Laurus,NA
Lavandula angustifolia L.,Lavandula angustifolia,NA
lavendula,Lavandula,NA
Lawn,Poaceae,NA
lawn,Poaceae,NA
lawns,Poaceae,NA
leaf,Viridiplantae,NA
Leaf,Viridiplantae,NA
LEAF,Viridiplantae,NA
Leaf (Unidentified plant),Viridiplantae,NA
Leaf <Choerospondias axillaris (Roxb.) B.L.Burtt & A.W.Hill,Choerospondias axillaris,NA
Leaf Citrus limon,Citrus limon,NA
leaf debris,Viridiplantae,NA
Leaf fragment in soil,Viridiplantae,NA
Leaf fragments in soil,Viridiplantae,NA
leaf hopper,Cicadellidae,NA
leaf hopper (Hemiptera: Cicadellidae),Cicadellidae,NA
"leaf letter and wood, basidiomes",NA,NA
Leaf litter,NA,NA
Leaf litter in sandy soil near pines,NA,NA
leaf litter of Eucalyptus grandis x Eucalyptus camaldulensis,Eucalyptus,NA
leaf litter of Eucalyptus sp.,Eucalyptus,NA
Leaf litter of Shorea robusta L.,Shorea robusta,NA
Leaf Myrianthus arboreus,Myrianthus arboreus,NA
leaf of Avicennia marina (Forsk.) Vierh. mangrove,Avicennia marina,NA
"Leaf of Barley ((Hordeum vulgare L.), Initial Barley Disease Screening Nursery-IBDSN)-2022-23; Entry No. 175",Hordeum vulgare,NA
"Leaf of Barley ((Hordeum vulgare L.), Initial Barley Disease Screening Nursery-IBDSN)-2022-23; Entry No. 25",Hordeum vulgare,NA
"Leaf of Barley ((Hordeum vulgare L.), Initial Barley Disease Screening Nursery-IBDSN)-2022-23; Entry No. 27",Hordeum vulgare,NA
"Leaf of Barley ((Hordeum vulgare L.), Initial Barley Disease Screening Nursery-IBDSN)-2022-23; Entry No. 318",Hordeum vulgare,NA
"Leaf of Barley ((Hordeum vulgare L.), Initial Barley Disease Screening Nursery-IBDSN)-2022-23; Entry No. 38",Hordeum vulgare,NA
"Leaf of Barley ((Hordeum vulgare L.), Initial Barley Disease Screening Nursery-IBDSN)-2022-23; Entry No. 80",Hordeum vulgare,NA
Leaf of Barley (Hordeum vulgare L.),Hordeum vulgare,NA
"Leaf of Barley (Hordeum vulgare L.), Initial Barley Disease Screening Nursery-IBDSN-2020-21; Entry No. 25",Hordeum vulgare,NA
leaf of Bletilla striata,Bletilla striata,NA
Leaf of camellia sinensis,Camellia sinensis,NA
Leaf of Eichhornia crassipes (Water hyacinth),Pontederia crassipes,NA
Leaf of Hordeum vulgare,Hordeum vulgare,NA
leaf of Lagerstroemia indica,Lagerstroemia indica,NA
leaf of Malania oleifera,Malania oleifera,NA
Leaf of Nymphaea nouchali (Blue Water-Lily),Nymphaea nouchali,NA
Leaf of Peucedanum japonicum,Peucedanum japonicum,NA
Leaf of Salvinia minima (Watermoss),Salvinia minima,NA
Leaf of Salvinia molesta (Giant Salvinia),Salvinia molesta,NA
"Leaf of Wheat ((Triticum aestivum L.), Initial Plant Pathological Screening Nursery-IPPSN)-2022-23; Entry No. 280",Triticum aestivum,NA
"Leaf of Wheat ((Triticum aestivum L.), Initial Plant Pathological Screening Nursery-IPPSN)-2022-23; Entry No. 76",Triticum aestivum,NA
"Leaf of Wheat ((Triticum aestivum L.), Initial Plant Pathological Screening Nursery-IPPSN)-2022-23; Entry No. 810",Triticum aestivum,NA
"Leaf of Wheat ((Triticum aestivum L.), Leaf Blight Screening Nursery-LBSN)-2022-23; Entry No. 24",Triticum aestivum,NA
Leaf of Wheat (Triticum aestivum L.),Triticum aestivum,NA
leaf spots in Erythrina speciosa,Erythrina speciosa,NA
leaf spots in Samanea inopinata,Samanea inopinata,NA
leaf spots in Swietenia macrophylla,Swietenia macrophylla,NA
Leaf- S. macrophylla,Swietenia macrophylla,NA
leaf-cutter ant,Formicidae,NA
leaf-cutting ant,Attini,NA
Leaf-J. princeps,NA,NA
leaf-mold in laurel-oak woods,NA,NA
leaf-rolling weevil,Curculionidae,NA
leaf:silage maize,Zea mays,NA
leafhopper,Cicadellidae,NA
Leafhopper,Cicadellidae,NA
leatherleaf fern,Rumohra adiantiformis,NA
Leaves,Viridiplantae,NA
Leaves of Antidesma bunius,Antidesma bunius,NA
Leaves of Camellia sinensis,Camellia sinensis,NA
Leaves of Dendrobium sp. (Var-Sonia),Dendrobium,NA
Leaves of Dendrobium sp. (Var. Sonia),Dendrobium,NA
leaves of Inga vera (Fabaceae),Inga vera,NA
Leaves of Jasminum sambac,Jasminum sambac,NA
Leaves of Juniperus seravschanica,Juniperus seravschanica,NA
leaves of Mangifera indica tree,Mangifera indica,NA
leaves of Quercus salicina f. angustata,Quercus salicina,NA
leaves of Ricinus communis tree,Ricinus communis,NA
leaves of Triticum aestivum,Triticum aestivum,NA
Leaves stalk of Syzygium aqueum,Syzygium aqueum,NA
"leaves, Fagus",Fagus,NA
"leaves, Quercus or Fagus",Fagaceae,NA
Ledridae,Cicadellidae,NA
Leersia sp.,Leersia,NA
Legacy,NA,NA
legume,Fabaceae,NA
Leguminous plants,Fabaceae,NA
Leh,NA,NA
Lelhi,NA,NA
Lemongrass,Cymbopogon,NA
lens,NA,NA
Lens culinaris (lentil),Lens culinaris,NA
Lens culinaris (Lentil),Lens culinaris,NA
Lens culinaris L.,Lens culinaris,NA
Lens culinaris Medick.,Lens culinaris,NA
Lens culinaris Medikus,Lens culinaris,NA
Lens esculenta Moench (lentil),Lens culinaris,NA
Lens sp. (in: eudicots),Lens,NA
Lentil seeds,Lentil,NA
Lentill,Lens culinaris,NA
Lentilua edodes,Lentinula edodes,NA
Lentinula edodes cultivation,Lentinula edodes,NA
Lentinula edodes substrate,Lentinula edodes,NA
"Lentinula edodes, bed-log culturing shiitake mushroom",Lentinula edodes,NA
Lentis,Lens culinaris,NA
Leontodon hispidus L.,Leontodon hispidus,NA
Leperisinus orni,Leperisinus orni,NA
Leperisinus varius,Leperisinus varius,NA
Lepidoptera (caterpillar),Lepidoptera,NA
Lepidoptera (Cossidae),Cossidae,NA
Lepidoptera (moths),Lepidoptera,NA
Lepidoptera (pupa),Lepidoptera,NA
Lepidoptera pupa,Lepidoptera,NA
"Lepidoptera sp., larva",Lepidoptera,NA
Lepidoptera sp.; larva,Lepidoptera,NA
Lepidoptera sp.; pupa,Lepidoptera,NA
Lepidoptera; adult,Lepidoptera,NA
Lepidoptera; dev_stage: larva,Lepidoptera,NA
Lepidoptera; larva,Lepidoptera,NA
lepidoptera; larva,Lepidoptera,NA
Lepidoptera; noctuidae,Noctuidae,NA
Lepidoptera; pupa,Lepidoptera,NA
lepidoptera; pupa,Lepidoptera,NA
Lepidoptera; pyralidae,Pyralidae,NA
Lepidoptera; tortricidae,Tortricidae,NA
Lepidoptera: Limacodidae,Limacodidae,NA
Lepidoptera: Noctuidae,Noctuidae,NA
Lepidopteran,Lepidoptera,NA
Lepidopteran insect larva,Lepidoptera,NA
Lepidopteran larva,Lepidoptera,NA
lepidopteran larva,Lepidoptera,NA
Lepidopteran Larva,Lepidoptera,NA
Lepidopteran larvae,Lepidoptera,NA
lepidopteran larvae,Lepidoptera,NA
lepidopteran larvae (caterpillars),Lepidoptera,NA
Lepidopteran pupa,Lepidoptera,NA
lepidopteran pupa,Lepidoptera,NA
Lepidoputera pupa,Lepidoptera,NA
Lepidosaphes beckii on sweet orange (Citrus x aurantium),Lepidosaphes beckii,NA
Lepidosaphes sp. (pepper scale),Lepidosaphes,NA
Leptobacillium sp. CF-236968,Leptobacillium,NA
Leptocorisa sp.,Leptocorisa,NA
Leptopharsa heveae,Leptopharsa heveae,NA
Leptospermum?,Leptospermum,NA
Leptura rubra,Stictoleptura rubra,NA
lettuce,Asteraceae,NA
Lettuce,Asteraceae,NA
Leucadendron sp.,Leucadendron,NA
Leucobryum sp.,Leucobryum,NA
Leucodendron,Leucadendron,NA
LeucodononQuercus,Quercus,NA
Leucospermum sp.,Leucospermum,NA
Leucothoe sp.,Leucothoe,NA
Leymus chinensis (Trin.) Tzvel.,Leymus chinensis,NA
Leymus chinensis Trin.,Leymus chinensis,NA
Leymus molis,Leymus mollis,NA
Leymus sp.,Leymus,NA
Liana,NA,NA
Liana sp.,Tracheophyta,NA
Liberty,NA,NA
Lichen,NA,NA
lichen,NA,NA
Lichen endophyte,NA,NA
Lichen KoLRI no. 009806,NA,NA
lichen Stereocaulon paschale,Stereocaulon paschale,NA
Lichenized fungi,Fungi,NA
lichens,NA,NA
Lichi,Litchi chinensis,NA
Liger,Panthera,NA
Ligusticum jeholense (Nakai et Kitagawa) Nakai et Kitagawa,Ligusticum jeholense,NA
Ligustrum sp.,Ligustrum,NA
lilac,Syringa,NA
Liliaceae sp.,Liliaceae,NA
Lilly,Lilium,NA
lily,Liliaceae,NA
Limestone,NA,NA
limestone,NA,NA
Limoniastrum monopetalum (L.) Boiss.,Limoniastrum monopetalum,NA
Limoniastrum monopetalum L.,Limoniastrum monopetalum,NA
Limonium aureum (L.) Hill,Limonium aureum,NA
limpet,Gastropoda,NA
linden,Tilia,NA
Lingwuchangzao,Ziziphus jujuba,NA
Linogeraeus sp.,Linogeraeus,NA
Linseed,Linum usitatissimum,NA
Linum usitatissimum L.,Linum usitatissimum,NA
liquorice,Glycyrrhiza,NA
Liriope muscari 'Variegata',Liriope muscari,NA
Lishu,Pyrus,NA
Lisianthus,Eustoma,NA
Lisianthus sp.,Lisianthus,NA
Listroderes costirostris Schoenherr,Listroderes costirostris,NA
lithospemum officinale,Lithospermum officinale,NA
litter,NA,NA
Litter,NA,NA
liverwort,Marchantiophyta,NA
Living Angiosperm,Magnoliophyta,NA
living angiosperm tree,Magnoliophyta,NA
Living angiosperm tree,Magnoliophyta,NA
living bamboo,Bambusoideae,NA
living Betula papyrifera,Betula papyrifera,NA
living birch,Betula,NA
living branch of Lonicera xylosteum,Lonicera xylosteum,NA
Living Casuarina tree,Casuarina,NA
Living Delonix regia,Delonix regia,NA
living Fagus grandifolia,Fagus grandifolia,NA
Living Limon Tree,Citrus limon,NA
Living Mangifera tree,Mangifera,NA
Living Persea americana tree,Persea americana,NA
Living plant of Dalbergia sp.,Dalbergia,NA
living trunk of Jujuba.sp.,Ziziphus,NA
"living trunk, Warneckea floribunda (Melastomataceae)",Warneckea,NA
Living unidentified liana,Tracheophyta,NA
living unidentified liana,Tracheophyta,NA
living weak Castanopsis trunk,Castanopsis,NA
living woody vine,Tracheophyta,NA
Lizard,Squamata,NA
Lobelia nicotianifolia Roth ex Schult,Lobelia nicotianifolia,NA
Lobelia nicotianifolia Roth ex Schult.,Lobelia nicotianifolia,NA
Lobophytum sp. (soft coral),Lobophytum,NA
locust,Acrididae,NA
Locusta migratoria capito,Locusta migratoria,NA
log,NA,NA
Loggerhead sea turtle (post-hatchling),Caretta caretta,NA
Lolium cf. mediterraneum,Lolium,NA
Lolium perenne L.,Lolium perenne,NA
Lolium/Festuca,Poaceae,NA
Lomandra sp.,Lomandra,NA
Lomariopsis mexicana,Lomariopsis mexicana,NA
Lonchocarpus longistylus (Fabaceae),Lonchocarpus longistylus,NA
longan fruit,Dimocarpus longan,NA
longhorn beetle,Cerambycidae,NA
Longicorn,Cerambycidae,NA
Lonicera caerulea L,Lonicera caerulea,NA
Lonicera caerulea L.,Lonicera caerulea,NA
Lonicera japonica Thunb,Lonicera japonica,NA
Loquat?,Eriobotrya japonica,NA
Loranthus sp.,Loranthus,NA
lovebird,Agapornis,NA
low,NA,NA
Loweporus sp.?,Loweporus,NA
Loxoblemmus sp.,Loxoblemmus,NA
Loxotoma elegans,Loxotoma elegans,NA
Luffa (Luffa cylindrica),Luffa cylindrica,NA
Luffa acutangula (ridge gourd),Luffa acutangula,NA
Lung,NA,NA
lup,NA,NA
lupin,Lupinus,NA
Lupin,Lupinus,NA
Lupina,Lupinus,NA
Lupine,Lupinus,NA
Luzula campestris (L.) DC.,Luzula campestris,NA
Luzula sylvatica (Huds.) Gaudin,Luzula sylvatica,NA
Lychnis floscuculi,Silene flos-cuculi,NA
Lycium barbarum L.,Lycium barbarum,NA
lynx spider,Oxyopidae,NA
Lyophyllum decastes (mushroom),Lyophyllum decastes,NA
Lysiphyllum cunninghami,Lysiphyllum cunninghamii,NA
M. Oleifera,Moringa oleifera,NA
M. oleifera,Moringa oleifera,NA
Macadamia ternifolia F. Muell.,Macadamia ternifolia,NA
Macaranga sp.,Macaranga,NA
macaw,Psittacidae,NA
macroalga,NA,NA
Macrocarpa,NA,NA
Macrotermes subhyalinus K2m,Macrotermes subhyalinus,NA
Macrotermitinae sp.,Macrotermitinae,NA
madera,NA,NA
Magnolia alba,Magnolia,NA
Magnolia denudata cv. Hailuo,Magnolia denudata,NA
Magnolia montana (Blume) Figlar,Magnolia montana,NA
magpie,Corvidae,NA
magrove sediment sample,NA,NA
Mahanarva fimbriolata (Homoptera: Cercopidae),Mahanarva fimbriolata,NA
Mahanarva posticata (Homoptera: Cercopidae),Mahanarva posticata,NA
Mahogony,Meliaceae,NA
Mahranarva fimbriolata,Mahanarva fimbriolata,NA
Mahranarva posticata,Mahanarva posticata,NA
maise,Zea mays,NA
Maiz,Zea mays,NA
Maize,Zea mays,NA
Maize grain,Zea mays,NA
Maize plant,Zea mays,NA
maize ri_24,Zea mays,NA
maize seed,Zea mays,NA
maize with artificial lesions caused by liquid nitrogen,Zea mays,NA
maize with Phaeosphaeria leaf spot disease,Zea mays,NA
maize with Phaeosphaeria leaf spot disease and artificial lesions caused by liquid nitrogen,Zea mays,NA
maize; BIO-9681,Zea mays,NA
maize; BIO9637,Zea mays,NA
maize; BIO9681,Zea mays,NA
maize; CM-500,Zea mays,NA
maize; COH(M)10,Zea mays,NA
maize; cultivar: White Maize,Zea mays,NA
maize; DHM117,Zea mays,NA
maize; NAC-6004,Zea mays,NA
maize; NAH-1137,Zea mays,NA
maize; Nithyashree,Zea mays,NA
maize; Seed Tech 2324,Zea mays,NA
Makhana,Euryale ferox,NA
Maki macaco,Eulemur macaco,NA
Malaysia,NA,NA
Male,NA,NA
male dog vizsla,Canis lupus familiaris,NA
"male Mastoptera cf. guimaraesi Wenzel, 1966 (Diptera, Hippoboscoidea, Streblidae), fly vial code P_0075",Mastoptera,NA
male Penicillidia conspicua,Penicillidia conspicua,NA
"male Penicillidia conspicua Speiser, 1901",Penicillidia conspicua,NA
maltese,Canis lupus familiaris,NA
Malus domestica 'Lysgolden/MM106',Malus domestica,NA
Malus domestica 'Oregon/MM107',Malus domestica,NA
Malus domestica (cultivar Lysgolden; rootstock MM106),Malus domestica,NA
Malus domestica (cultivar Lysgolden;rootstock MM106),Malus domestica,NA
Malus domestica (scion Oregon; rootstock MM107),Malus domestica,NA
Malus domestica Borkh,Malus domestica,NA
Malus domestica cultivar 'Fuji',Malus domestica,NA
Malus domestica cultivar 'Gala',Malus domestica,NA
Malus domestica cultivar 'Golden Delicious',Malus domestica,NA
Malus domestica cultivar 'Granny Smith',Malus domestica,NA
Malus domestica cultivar 'Koru',Malus domestica,NA
Malus domestica cultivar 'Red Delicious',Malus domestica,NA
Malus domestica cv. Bramley,Malus domestica,NA
Malus domestica; cultivar: Gala,Malus domestica,NA
Malus ioensis var. plena,Malus ioensis,NA
Malus pumila Mill.,Malus pumila,NA
Malus sp. Malling 9,Malus,NA
Malus x domestica Fuji,Malus,NA
Malusdomesica Borkh.,Malus domestica,NA
Malvaviscus arboreus (Malvaceae),Malvaviscus arboreus,NA
Mamordica charantia,Momordica charantia,NA
man,Homo sapiens,NA
Man,Homo sapiens,NA
man-made wood of Pinus radiata,NA,NA
manatee,Trichechus,NA
Manchurian wildginger,Manchurian wildginger,NA
mandalate,Citrus reticulata,NA
Mandarin,Citrus reticulata,NA
mandarin,Citrus reticulata,NA
Mandevilla sp.,Mandevilla,NA
Mandioquinha,Arracacia xanthorrhiza,NA
Mangifera indica L.,Mangifera indica,NA
Mangifera indica; cultivar: Kent,Mangifera indica,NA
mango mealy bug,Drosicha mangiferae,NA
Mango orchard,Mangifera indica,NA
mango rhizosphere,Mangifera indica,NA
mango tree,Mangifera indica,NA
mangostine,Garcinia mangostana,NA
mangrove,NA,NA
mangroves,NA,NA
Manguifera indica,Mangifera indica,NA
Manihot sp.,Manihot,NA
"Manihot, Brazil",Manihot,NA
Manilkara sp.,Manilkara,NA
Mansoa sp.,Mansoa,NA
Mantodea sp.,Mantodea,NA
manure pile,NA,NA
Mao bamboo,Phyllostachys edulis,NA
Mao Bamboo root,Phyllostachys edulis,NA
maple,Acer,NA
Maqui,Aristotelia chilensis,NA
mara,Dolichotis,NA
margarine,NA,NA
marigold,Tagetes,NA
Marigold seeds,Tagetes,NA
Marine,NA,NA
marine coral,Anthozoa,NA
marine fish,Actinopterygii,NA
marine green alga Ulva pertusa,Ulva pertusa,NA
marine red alga Laurencia okamurai,Laurencia okamurai,NA
marine sponge,Porifera,NA
marine sponge Axinella sp.,Axinella,NA
marinho,NA,NA
marmoset,Callitrichidae,NA
marmot,Marmota,NA
Marquesia excelsa,Marquesia,NA
Marticaria recutita,Marticaria recutita,NA
marula,Sclerocarya birrea,NA
Maryam,NA,NA
Masson pine,Pinus massoniana,NA
Matriacaria chamomilla,Matricaria chamomilla,NA
Matteuccia struthiopteris (L.) Tod.,Matteuccia struthiopteris,NA
Mauritia sp. (in: monocots),Mauritia,NA
mayfly,Ephemeroptera,NA
mazzard cherry,Prunus avium,NA
meadows,NA,NA
Meal,NA,NA
mealybug,Pseudococcidae,NA
Meberry,NA,NA
Mecicago,Medicago,NA
Medicago sativa L.,Medicago sativa,NA
medical plants,Viridiplantae,NA
medicinal plant,Viridiplantae,NA
Medicinal Plant,Viridiplantae,NA
Medicinal plant (garlic),Medicinal,NA
medium,NA,NA
Megaplatypus mutatus-galleries on Populus deltoides,Populus deltoides,NA
Megathyrsus maximus var. trichoglumus,Megathyrsus maximus,NA
"Megistopoda aranea (Diptera, Hippoboscoidea, Streblidae)",Megistopoda aranea,NA
Meimnua opalifera,Meimnua opalifera,NA
"Meimuna opalifera, Nymph",Meimuna opalifera,NA
Melaleuca sp.,Melaleuca,NA
Melampodium sp.,Melampodium,NA
Melampsora sp. on Allium ursinum L.,Melampsora,NA
Melandrium rubrum,Silene dioica,NA
Meles meles (Eurasian badger),Meles meles,NA
Melia toosendan Sieb. et Zucc.,Melia toosendan,NA
Melica decumbens,Melica decumbens,NA
Melica sp.,Melica,NA
Meligethes sp.,Meligethes,NA
Melitodes squamata (gorgonian),Melitodes squamata,NA
Meloidogyne incognita (root knot nematode),Meloidogyne incognita,NA
melom,Cucumis melo,NA
melon,Cucurbitaceae,NA
melon plant,Cucumis melo,NA
Melon root,Cucurbitaceae,NA
Melonlothidae,Melolonthidae,NA
men,Homo sapiens,NA
Mensinaceae,NA,NA
Mentha aquatica var. litoralis,Mentha aquatica,NA
menthya,Mentha,NA
Merremia dissecta (Convolvulaceae),Merremia dissecta,NA
Mesembryanthemum crystallinum L.,Mesembryanthemum crystallinum,NA
Mesembryanthemum nodiflorum L.,Mesembryanthemum nodiflorum,NA
Mesta,NA,NA
Metacrinus sp.,Metacrinus,NA
metallic green beetle,Coleoptera,NA
Metamasius sp.,Metamasius,NA
Metrosideros sp.,Metrosideros,NA
mexican lime,Citrus aurantiifolia,NA
Miaze,Zea mays,NA
Micatnthus sinensis,Miscanthus sinensis,NA
Miconia sp.,Miconia,NA
Microlepidoptera sp.,Microlepidoptera,NA
Midgut of honey bees,Apis,NA
Mikania sp.,Mikania,NA
millet,Poaceae,NA
Mimela costata,Mimela costata,NA
minks,Mustelidae,NA
mint,Mentha,NA
Mint,Mentha,NA
Mint (Mentha spp.),Mentha,NA
Mint leaf(Mentha spp.),Mentha,NA
mite,Acari,NA
mites,Acari,NA
mixed broad leave tree & Pinus spp.,Tracheophyta,NA
mixed Cistus sp. and Quercus coccifera,Magnoliopsida,NA
mixed conifer forest,NA,NA
"mixed conifer forest: ponderosa pine, sugar pine, black oak, incense cedar",Tracheophyta,NA
mixed coniferous forest,NA,NA
"mixed coniferous forest with Pinus ponderosa, Pinus lambertiana, Calocedrus sp., and Quercus kelloggii",NA,NA
mixed conifers,Pinopsida,NA
"mixed Dryas, Salix, Betula",Magnoliopsida,NA
Mixed forest,NA,NA
Mixed forest ground,NA,NA
Mixed forest of Quercus ilex and Pinus sylvestris,NA,NA
"mixed forest with Fagus sylvatica L., Corylus avellana L, Betula pendula Roth., Pinus sp., Abies alba Mill.",NA,NA
mixed hardwoods,Magnoliophyta,NA
mixed Quercus suber and Quercus rotundifolia,Quercus,NA
mixed woods,NA,NA
Mixture Eucalyptus and Chinaberry trees,Magnoliophyta,NA
mixture of Bark Wood Eucalyptus,Eucalyptus,NA
mixture of Bark Wood Eucalyptus and chinaberry,Magnoliophyta,NA
mixture of eucalyptus and chinaberry,NA,NA
Mixture of sugarcane molasses and beet molasses,NA,NA
Mixtures of Eucalyptus and Chinaberry trees,Magnoliophyta,NA
Mocis latipes Guenee,Mocis latipes,NA
Mokara,Orchidaceae,NA
Mokara Dinah Shore Red Orchid,Mokara,NA
Molasses,NA,NA
Molinia sp.,Molinia,NA
mollusc,Mollusca,NA
Momordica charantia L.,Momordica charantia,NA
Monalonion dissimulatum,Monalonion dissimulatum,NA
Mongolian snakegourd,Trichosanthes kirilowii,NA
Moniliophthora perniciosa on Theobroma cacao,Theobroma cacao,NA
Moniliophthora roreri on Theobroma cacao pod,Theobroma cacao,NA
Moniliopthora roreri on Theobroma cacao,Theobroma cacao,NA
Monotes sp.,Monotes,NA
Monthan (ABB),Musa,NA
Moong,Vigna radiata,NA
Moongbean,Vigna radiata,NA
moonseed,Menispermum,NA
moorland soil,NA,NA
Moreabina,NA,NA
morel,Morchella,NA
morel ascocarps,Morchella,NA
Morel mushroom,Morchella,NA
Morels,Morchella,NA
mori,NA,NA
Morinda officinalis How.,Morinda officinalis,NA
morning glory,Ipomoea,NA
Morus alba (Moraceae),Morus alba,NA
Morus alba L,Morus alba,NA
Morus alba L.,Morus alba,NA
Morus sp.,Morus,NA
Morus sp. (in: eudicots),Morus,NA
mosquito,Culicidae,NA
mosquito ARG-LL-22,Culicidae,NA
Mosquito Dead Larvae,Culicidae,NA
mosquito NOR-25-W10,Culicidae,NA
mosquito NS-X-7,Culicidae,NA
mosquito NS-X-8,Culicidae,NA
Mosquitoes,Culicidae,NA
moss,Bryophyta,NA
moth,Lepidoptera,NA
Moth,Lepidoptera,NA
"moth, Lepidoptera",Lepidoptera,NA
moth; adult female,Lepidoptera,NA
moth; adult; female,Lepidoptera,NA
Mothbean,Vigna aconitifolia,NA
Mouriri myrtilloides (Melastomataceae),Mouriri myrtilloides,NA
mouse dung,Muridae,NA
mouth,NA,NA
moyeam,NA,NA
Mrigold,Tagetes,NA
Mudigere Platypodinae,Platypodinae,NA
Mudigere scolytinae 2,Mudigere scolytinae,NA
Mugnoli,Brassica oleracea,NA
mulberry,Morus,NA
Mulberry,Morus,NA
mulberry fruit,Morus,NA
Mulberry Inorganic Soil,Morus,NA
Mulberry Leaf,Morus,NA
Mulberry Organic Soil,Morus,NA
Mulberry Plant,Morus,NA
MULBERRY ROOT,Morus,NA
Mulberry silkworm,Bombyx mori,NA
mulberry tree,Morus,NA
Mulberry Tree,Morus,NA
Mulberry tree,Morus,NA
Mung bean,Vigna radiata,NA
mung bean,Vigna radiata,NA
mungbean,Vigna radiata,NA
Murcott,Citrus,NA
murcott,Citrus,NA
Murcott/Fruit,Citrus,NA
Muricella flexuosa (gorgonian),Muricella flexuosa,NA
Musa AB Group cv. Ney Poovan,Musa,NA
Musa ABB Group; cultivar: Pisang Awak,Musa,NA
Musa acuminata 'Grand Naine',Musa acuminata,NA
Musa acuminata (synonym: Musa nana),Musa,NA
Musa acuminata AAA Group cv. Basrai,Musa acuminata,NA
Musa acuminata AAA Group cv. Grand Nain,Musa acuminata,NA
Musa acuminata AAA Group; cultivar: Gros Michel,Musa,NA
Musa acuminata cv. Cavendish,Musa acuminata,NA
Musa acuminata cv. Gros Michel,Musa acuminata,NA
Musa acuminata; Dwarf Cavendish,Musa acuminata,NA
Musa balbisiana cv. Singapuri,Musa balbisiana,NA
Musa hybrid cultivar cv. Chinia,Musa,NA
Musa hybrid cultivar Grand Naine,Musa,NA
Musa hybrid cultivar Karpooravalli,Musa,NA
Musa hybrid cultivar Mondan,Musa,NA
Musa hybrid cultivar Ney poovan,Musa,NA
Musa hybrid cultivar Rasthali,Musa,NA
Musa hybrid cultivar Red Banana,Musa,NA
Musa sp. 'Pisang Kapas',Musa,NA
Musa sp. (Gros Michel subgroup Prata),Musa,NA
Musa sp. AAB,Musa,NA
Musa sp. cv. 'Dajiao',Musa,NA
Musa sp. cv. Ney Poovan,Musa,NA
"Musa x paradisiaca (banana, bio)",Musa,NA
Musca domestica (Diptera),Musca domestica,NA
museum,NA,NA
mushroom,Agaricomycetes,NA
Mushroom,Agaricomycetes,NA
mushroom fly,Sciaridae,NA
mushrooms,Agaricomycetes,NA
Muskmelon roots,Cucumis melo,NA
Muskmelon-field grown,Cucumis melo,NA
mussels,Bivalvia,NA
must,NA,NA
mustang,Equus caballus,NA
Mustard,Brassica,NA
mustard greens,Brassica juncea,NA
Mycetomoellerius urichii,Mycetomoellerius urichii,NA
Myllocerus sp. (ash weevil),Myllocerus,NA
Myna,Sturnidae,NA
Myocastor coypus (nutria),Myocastor coypus,NA
Myospila meditabunda (Diptera),Myospila meditabunda,NA
Myotis myotis skin,Myotis myotis,NA
"Myrmica rubra (Hymenoptera, Formicidae)",Myrmica rubra,NA
"Myrmica sabuleti (Hymenoptera, Formicidae)",Myrmica sabuleti,NA
"Myrmica scabrinodis (Hymenoptera, Formicidae)",Myrmica scabrinodis,NA
Myrtaceae sp.,Myrtaceae,NA
n,NA,NA
N B750,NA,NA
N B802,NA,NA
n.a.,NA,NA
N.H. Shankar Reddy,NA,NA
n.n.,NA,NA
N.P.Samaradiwakara,NA,NA
NA,NA,NA
Nagol,NA,NA
Nagpur mandarin,Citrus reticulata,NA
Nagpur Mandarin,Citrus reticulata,NA
Nagpur manderian,Citrus reticulata,NA
Nandina 'gulf stream',Nandina domestica,NA
Nandina 'lemon lime',Nandina domestica,NA
Nandina sp.; cv. 'blush pink',Nandina,NA
Nandina sp.; cv. 'fire power',Nandina,NA
Nandina sp.; cv. 'firepower',Nandina,NA
Nandina sp.; cv. 'Firepower',Nandina,NA
Nandina sp.; cv. 'gulf stream',Nandina,NA
Nandina sp.; cv. 'lemon lime',Nandina,NA
Nandina sp.; cv. 'Moon Bay',Nandina,NA
Nandina sp.; cv. 'obsession',Nandina,NA
Nandina sp.; cv. 'Obsession',Nandina,NA
NandinadomesticaThunb,Nandina domestica,NA
Naranga sp.,Naranga,NA
Narssicus,Narcissus,NA
natsudaidai,Citrus natsudaidai,NA
natural grasses,Poaceae,NA
NEB01F,NA,NA
NEB01R,NA,NA
NEB02R,NA,NA
NEB03F,NA,NA
NEB03R,NA,NA
NEC04R,NA,NA
NEC05F,NA,NA
NEC05R,NA,NA
NEC06F,NA,NA
NEC06R,NA,NA
Nectar,NA,NA
Neea 'supercrasa',Neea,NA
Neea comun,Neea,NA
NEEL,NA,NA
Nendran Banana plants,Musa,NA
Neodiprion pratti banksianae&nbsp,Neodiprion pratti,NA
Neodriprion banksianae,Neodiprion banksianae,NA
Neoerysiphe galeopsidis infecting Lamium sp.,Lamium,NA
Nephelium lappaceum L.,Nephelium lappaceum,NA
Nephelium lappaceum L. (rambutan),Nephelium lappaceum,NA
Nerium sp.,Nerium,NA
Nest of Melipona scutellaris,Melipona scutellaris,NA
Nestlera biennis Spreng.,Nestlera biennis,NA
Nestlera sp.,Nestlera,NA
Ney Poovan (AB),Musa,NA
Nicotiana tabacum L,Nicotiana tabacum,NA
Nigeria,NA,NA
Nilgirianthus ciliatus,Nilgirianthus ciliatus,NA
Niphates digitalis (sponge tissue),Niphates digitalis,NA
nitidulid,Nitidulidae,NA
NMB01R,NA,NA
NMB02R,NA,NA
NMB03R,NA,NA
NMC01F,NA,NA
NMC01R,NA,NA
NMC02R,NA,NA
NMC03F,NA,NA
NMC03R,NA,NA
Noctunidae; pupa,Noctuidae,NA
non BT cotton,Gossypium,NA
non-ectomycorrhizal plants,Viridiplantae,NA
Norlindhia amplectens (Harv.) T. Norl.,Norlindhia amplectens,NA
Norway spruce seedling,Picea abies,NA
Nothofagaceaea,Nothofagaceae,NA
Nothofagus solandri var. solandri,Nothofagus solandri,NA
Nothofagus sp.,Nothofagus,NA
Nuruk,NA,NA
nut,Viridiplantae,NA
Nut grass,Cyperus,NA
Nutgrass,Cyperus,NA
Nuts,Magnoliophyta,NA
Nysius vinitor,Nysius vinitor,NA
oak,Quercus,NA
Oak,Quercus,NA
Oakleaf Hydrangea,Hydrangea quercifolia,NA
oakleaf hydrangea,Hydrangea quercifolia,NA
oaks,Quercus,NA
Oaks,Quercus,NA
Object,NA,NA
ocean,NA,NA
Ochetellus sp.; adult,Ochetellus,NA
Ochrocydus huttoni,Ochrocydus huttoni,NA
Ocimum tenuiflorum (endophyte),Ocimum tenuiflorum,NA
Ocimum tenuiflorum; endophyte,Ocimum tenuiflorum,NA
octocoral,Octocorallia,NA
Odontoglossum praestans (Orchidaceae),Odontoglossum praestans,NA
odorata,NA,NA
Oebalus poecilus (Hemiptera: Pentatomidae),Oebalus poecilus,NA
Oenanthe javanica (Blume) DC.,Oenanthe javanica,NA
of unidentified vein,NA,NA
Oidium sp. infecting Chelidonium majus,Chelidonium majus,NA
Oidium sp. infecting Schinus molle,Schinus molle,NA
oil palm,Elaeis guineensis,NA
Oil palm,Elaeis guineensis,NA
Oil Palm,Elaeis guineensis,NA
Oil Palm Agroecosystem,Elaeis guineensis,NA
oil spill site,NA,NA
Oilpalm,Elaeis guineensis,NA
OILPALM,Elaeis guineensis,NA
Ointment,NA,NA
old agarics,Agaricales,NA
old polypore,Polyporales,NA
Olea europaea cv. Chemlali,Olea europaea,NA
Olea europaea cv. Cobrancosa,Olea europaea,NA
Olea europaea L. (cv. 'Amfissis'),Olea europaea,NA
Olea europaea L. (cv. 'Kalamon'),Olea europaea,NA
Olea europaea leaf,Olea europaea,NA
Olea europaea var. Koroneiki,Olea europaea,NA
Olea europaea; cultivar: Koroneiki,Olea europaea,NA
Olea europea,Olea europaea,NA
Oleander,Nerium oleander,NA
oleander,Nerium oleander,NA
Oliarus dimidiatus,Oliarus dimidiatus,NA
Oliarus dimidiatus (Hemiptera: Cixiidae),Oliarus dimidiatus,NA
Oliarus dimidiatus; adult,Oliarus dimidiatus,NA
Olinia sp.,Olinia,NA
Olive,Olea europaea,NA
olive,Olea europaea,NA
olive cultivar Cobrancosa,Olea europaea,NA
Olive oil pomace,NA,NA
Olive tree,Olea europaea,NA
olive tree,Olea europaea,NA
Oman,NA,NA
Ommatolampis sp.,Ommatolampis,NA
on a petiole of a fallen broadleaf species,Viridiplantae,NA
on bark of Alnus glutinosa,Alnus glutinosa,NA
on bark of Quercus suber,Quercus suber,NA
on dead stick insects,Phasmatodea,NA
"On exposed, burnt rhizomes of Arundo donax",Arundo donax,NA
on fallen decomposed trunk,NA,NA
on frondose wood,Magnoliophyta,NA
on Gryllotalpa sp.,Gryllotalpa,NA
on larva of Coleoptera,Coleoptera,NA
on larva of Lepidoptera,Lepidoptera,NA
on living stem of Microstegium sp.,Microstegium,NA
on lower part and apothecia disc of Erioderma barbellatum (Pannariaceae),Erioderma barbellatum,NA
on rock surface,NA,NA
on Sarcodontia crocea,Sarcodontia crocea,NA
on stink bug,Pentatomidae,NA
on the larva of Noctuidae,Noctuidae,NA
Oncidium sp.,Oncidium,NA
Onion - Delhi,Allium cepa,NA
onion armyworm,Spodoptera exigua,NA
Onion bulb,Allium cepa,NA
Onion plant,Allium cepa,NA
Onion rhizosphere,Allium cepa,NA
onion rhizosphere,Allium cepa,NA
Ononis tridentate,Ononis tridentata,NA
Ontophagus vacca,Ontophagus vacca,NA
Operculina pinnatifida (Convolvulaceae),Operculina pinnatifida,NA
Ophiocordycep unilateralis,Ophiocordyceps unilateralis,NA
Ophiopogon jaburan var. Variegatus,Ophiopogon jaburan,NA
Ophrida xanthospilota (Chrysomelidae),Ophrida xanthospilota,NA
opossum,Didelphidae,NA
Opportunistic,NA,NA
Opportunistic pathogen,NA,NA
Opuntia dillenii (Cactaceae),Opuntia dillenii,NA
Orah,NA,NA
Oral,Homo sapiens,NA
oral candidiasis patient,Homo sapiens,NA
Orange,Citrus sinensis,NA
orange,Citrus sinensis,NA
Orange coneflower,Rudbeckia fulgida,NA
orange coneflower,Rudbeckia fulgida,NA
oranges,Citrus sinensis,NA
Orasanga japonica,Orosanga japonica,NA
orchid,Orchidaceae,NA
Orchid,Orchidaceae,NA
orchids,Orchidaceae,NA
oregon,NA,NA
Oreochromis sp. (red hybrid tilapia),Oreochromis,NA
Oriza sativa,Oryza sativa,NA
ornamental grass,Poaceae,NA
Ornamental plant,Viridiplantae,NA
Ornithacris cavroisi,Ornithacris cavroisi,NA
Orobanche sp.,Orobanche,NA
Orosanga japonicus (Adult),Orosanga japonicus,NA
Oroxylum sp.,Oroxylum,NA
Ortanique,Citrus,NA
Ortheziidae sp.,Ortheziidae,NA
Oryctes,Oryctes,NA
Oryctes sp.,Oryctes,NA
Oryxa sativa,Oryza sativa,NA
Oryza coarctata (dhani),Oryza coarctata,NA
Oryza coarctata (synonym: Porteresia coarctata) (dhani),Oryza coarctata,NA
Oryza sativa L,Oryza sativa,NA
Oryza sativa L.,Oryza sativa,NA
Oryza sativa L. var. Kerawing,Oryza sativa,NA
Oryza sativa panicle and seed,Oryza sativa,NA
Oryza sativa; cultivar: Diket Red,Oryza sativa,NA
oryzae,NA,NA
Oryzae saiva,Oryza sativa,NA
Oryzae sativa,Oryza sativa,NA
Oryzae sativa (Rice),Oryza sativa,NA
Oryzae sativa (rice),Oryza sativa,NA
Osimum,Ocimum,NA
Osteospermum clandestinum (Less.) T. Norl.,Osteospermum clandestinum,NA
Osteospermum pinnatum (Thunb.) T. Norl.,Osteospermum pinnatum,NA
Ostrya carpinifolia Scop.,Ostrya carpinifolia,NA
others,NA,NA
Otinotus oneratus,Otinotus oneratus,NA
Otiorrhynchus sulcatus,Otiorrhynchus sulcatus,NA
ovine,Ovis aries,NA
owl,Strigiformes,NA
Oxycoccus,Vaccinium,NA
Oxyrachis Sp.,Oxyrachis,NA
Oxyrachis sp.,Oxyrachis,NA
Oxyropis,Oxytropis,NA
oyster,Ostreidae,NA
oyster mushroom beds,Pleurotus,NA
Oyster mushroom growing substrate,Pleurotus,NA
oyster mushroom growing substrate,Pleurotus,NA
P. cathayana,Populus cathayana,NA
P. cilliata,Populus ciliata,NA
P. pseudosimonii,Populus pseudosimonii,NA
P. purdomii,Populus purdomii,NA
P. santalinus,Pterocarpus santalinus,NA
P. simonii,Populus simonii,NA
P. sylvestris,Pinus sylvestris,NA
P.oceanica,Posidonia oceanica,NA
P0tato,Solanum tuberosum,NA
Pachnoda interrupta,Pachnoda interrupta,NA
"Pachyiulus hungaricus (Diplopoda, Julida, Julidae)",Pachyiulus hungaricus,NA
Pachysandra sp.,Pachysandra,NA
Pacifigorgia sp.,Pacifigorgia,NA
Paddy,NA,NA
paddy,NA,NA
Paddy Rhizosphere,Oryza sativa,NA
Paddy seed,Oryza sativa,NA
paddy seed,Oryza sativa,NA
Paddy_leaf,Oryza sativa,NA
Padus,Prunus,NA
Paeonia suffruticosa Andr.,Paeonia suffruticosa,NA
Pairs polyphylla,Paris polyphylla,NA
Pakistan,NA,NA
Paliga machoeralis,Paliga machoeralis,NA
palm,Arecaceae,NA
Palm,Arecaceae,NA
palm date,Phoenix dactylifera,NA
Palm date,Phoenix dactylifera,NA
palm roots,Arecaceae,NA
palm species,Arecaceae,NA
Palm stump,Arecaceae,NA
palm tree,Arecaceae,NA
palm trees,Arecaceae,NA
palma,Arecaceae,NA
Pampa Biome,NA,NA
pampa biome,NA,NA
Panax ginseng C.A. Meyer,Panax ginseng,NA
Panax notoginseng (Sanqi),Panax notoginseng,NA
Panax notoginseng (sanqi),Panax notoginseng,NA
Panax notoginseng; voucher: MHSRR021,Panax notoginseng,NA
Panax notoginseng; voucher: MHSRR022,Panax notoginseng,NA
Panax notoginseng; voucher: MHSRR023,Panax notoginseng,NA
Panax notoginseng; voucher: MHSRR027,Panax notoginseng,NA
Panax notoginseng; voucher: MHSRR054,Panax notoginseng,NA
Panax notoginseng; voucher: MHSRR055,Panax notoginseng,NA
Panax notoginseng; voucher: MHSRR056,Panax notoginseng,NA
Panax notoginseng; voucher: MHSRR057,Panax notoginseng,NA
Panax notoginseng; voucher: MHSRR065,Panax notoginseng,NA
Panax notoginseng; voucher: MHSRR066,Panax notoginseng,NA
Panax notoginseng; voucher: MHSRR072,Panax notoginseng,NA
Panax notoginseng; voucher: MHSRR073,Panax notoginseng,NA
Panax notoginseng; voucher: MHSRR080,Panax notoginseng,NA
Panax sp.,Panax,NA
Panax vietnamensis Ha et Grushv.,Panax vietnamensis,NA
Pandanus lerum,Pandanus lerum,NA
Panicum hallii; specimen voucher: SCASNA644,Panicum hallii,NA
Panicum patentis,Panicum patentis,NA
Panicum sp,Panicum,NA
Panicum virgatum (Alamo),Panicum virgatum,NA
Panicum virgatum (Blackwell),Panicum virgatum,NA
Panicum virgatum (Cave-in-rock),Panicum virgatum,NA
Panicum virgatum (Early),Panicum virgatum,NA
Panicum virgatum (Kanlow),Panicum virgatum,NA
Panicum virgatum (Late),Panicum virgatum,NA
Panicum virgatum (Shelter),Panicum virgatum,NA
Panicum virgatum (Southlow),Panicum virgatum,NA
Panicum xalapense,Panicum xalapense,NA
Pant lemon,Citrus,NA
Pantala flavescens larvae,Pantala flavescens,NA
Pantanal Biome,NA,NA
Papaver somniferum cv. Sampada,Papaver somniferum,NA
Papaya - Uttar Pradesh,Carica papaya,NA
paper,NA,NA
paprika,Capsicum annuum,NA
Papsalum,Paspalum,NA
papsulam,Paspalum,NA
Paradamaeus clavipes,Paradamaeus clavipes,NA
Parakeet,Psittaciformes,NA
paramo,NA,NA
Parapodisma yamato,Parapodisma yamato,NA
Parasaissetia sp.,Parasaissetia,NA
Paraserianthes falcataria (L.) I. Nielsen,Paraserianthes falcataria,NA
parasite of Xerocomellus piedracanteadensis and Xerocomellus sp.,NA,NA
Parasitism on wasps (Hymenoptera),Hymenoptera,NA
Paris daisy,Argyranthemum frutescens,NA
Paris fargesii Franch,Paris fargesii,NA
Paris polyphylla var. yunna-nensis,Paris polyphylla,NA
Parkia sp.,Parkia,NA
Parkia timoriana seed,Parkia timoriana,NA
Parmotrema defectum,Parmotrema defectum,NA
Paropsisterna tigrina,Paropsisterna tigrina,NA
Parthenium sp.,Parthenium,NA
Paspalim urvillei,Paspalum urvillei,NA
Paspalum distchum,Paspalum distichum,NA
Passiflora edulis Sims,Passiflora edulis,NA
Passiflora foetida (Passifloraceae),Passiflora foetida,NA
Passiflora viridiflora Cav.,Passiflora viridiflora,NA
passionfruit,Passiflora edulis,NA
Pasture,Tracheophyta,NA
patient,Homo sapiens,NA
Patient diagnosed with COVID-19,Homo sapiens,NA
patients with chronic periodontitis,Homo sapiens,NA
Patients with dental caries,Homo sapiens,NA
Pattharchatta,Kalanchoe pinnata,NA
Paulownia imperialis,Paulownia tomentosa,NA
Paxillus sp.,Paxillus,NA
peaches,Prunus persica,NA
Pealius setosus,Pealius setosus,NA
Peanut field,Arachis hypogaea,NA
Peanut Plant,Arachis hypogaea,NA
Peanut pod,Arachis hypogaea,NA
peanut pod,Arachis hypogaea,NA
peanuts,Arachis hypogaea,NA
pearlmillet,Cenchrus americanus,NA
peat moss - Maharashtra,Sphagnum,NA
pebbles,NA,NA
Pecteilis susannae (L.) Rafin,Pecteilis susannae,NA
peeper,NA,NA
Pelarogonium,Pelargonium,NA
Pelt,Metazoa,NA
Pennisettum glaucum,Pennisetum glaucum,NA
"Pennisetum, Cenchrus",Cenchrus,NA
Pennycress,Thlaspi arvense,NA
penoy,Paeonia,NA
Pentadesma butyracea Sabine,Pentadesma butyracea,NA
Pentalonia nigronervosa (aphid),Pentalonia nigronervosa,NA
Penzigia sp. on Bambusa,Penzigia,NA
peony,Paeonia,NA
Peony,Paeonia,NA
Peperomia sp.,Peperomia,NA
Peperomia subalata,Peperomia subalata,NA
Pepinia alborubra,Pepinia alborubra,NA
pepper,Capsicum,NA
Perilla frutescens (L.) Britt,Perilla frutescens,NA
periwinkle,Apocynaceae,NA
Persea americana Mill,Persea americana,NA
Persea americana Mill.,Persea americana,NA
Persea americana Mill. (avocado),Persea americana,NA
Persea sp.,Persea,NA
Persimmon,Diospyros kaki,NA
persimmon tree,Diospyros kaki,NA
Pertusaria amarescens,Pertusaria,NA
Petunia atkinsiana,Petunia,NA
Phaeolepiota aurea (Arthropleona),Phaeolepiota aurea,NA
Phakellia fusca (marine sponge),Phakellia fusca,NA
Phakopsora pachyrhizi (soybean rust),Phakopsora pachyrhizi,NA
Phalaenopsis hybrid cultivar A12186,Phalaenopsis,NA
Phalaenopsis hybrid cultivar CN0043,Phalaenopsis,NA
Phalaenopsis hybrid cultivar cv. Day-star,Phalaenopsis,NA
Phalaenopsis hybrid cultivar cv. White,Phalaenopsis,NA
Phalaenopsis hybrid cultivar F1881,Phalaenopsis,NA
Phalaenopsis hybrid cultivar F2917,Phalaenopsis,NA
Phalaenopsis hybrid cultivar F3554,Phalaenopsis,NA
Phalaenopsis sp. 'Sogo F1881' PBR,Phalaenopsis,NA
Phalaenopsis sp.; cultivar 'A10045',Phalaenopsis,NA
Phalaenopsis sp.; cultivar 'A10263',Phalaenopsis,NA
Phalaenopsis sp.; cultivar 'A10670',Phalaenopsis,NA
Phalaenopsis sp.; cultivar 'A10722',Phalaenopsis,NA
Phalaenopsis sp.; cultivar 'A11031',Phalaenopsis,NA
Phalaenopsis sp.; cultivar 'A11032',Phalaenopsis,NA
Phalaenopsis sp.; cultivar 'A11527',Phalaenopsis,NA
Phalaenopsis sp.; cultivar 'A11982',Phalaenopsis,NA
Phalaenopsis sp.; cultivar 'A12186',Phalaenopsis,NA
Phalaenopsis sp.; cultivar 'A12641',Phalaenopsis,NA
Phalaenopsis sp.; cultivar 'A12785',Phalaenopsis,NA
Phalaenopsis sp.; cultivar 'A13005',Phalaenopsis,NA
Phalaenopsis sp.; cultivar 'A2225',Phalaenopsis,NA
Phalaenopsis sp.; cultivar 'A5638',Phalaenopsis,NA
Phalaenopsis sp.; cultivar 'A6691',Phalaenopsis,NA
Phalaenopsis sp.; cultivar 'A7302',Phalaenopsis,NA
Phalaenopsis sp.; cultivar 'A7432',Phalaenopsis,NA
Phalaenopsis sp.; cultivar 'A7488',Phalaenopsis,NA
Phalaenopsis sp.; cultivar 'A7509',Phalaenopsis,NA
Phalaenopsis sp.; cultivar 'A8037',Phalaenopsis,NA
Phalaenopsis sp.; cultivar 'A8640',Phalaenopsis,NA
Phalaenopsis sp.; cultivar 'A8784',Phalaenopsis,NA
Phalaenopsis sp.; cultivar 'A9302',Phalaenopsis,NA
Phalaenopsis sp.; cultivar 'A9517',Phalaenopsis,NA
Phalaenopsis sp.; cultivar 'ARK08',Phalaenopsis,NA
Phalaenopsis sp.; cultivar 'CL428A',Phalaenopsis,NA
Phalaenopsis sp.; cultivar 'CN0043',Phalaenopsis,NA
Phalaenopsis sp.; cultivar 'F1881',Phalaenopsis,NA
Phalaenopsis sp.; cultivar 'F2917',Phalaenopsis,NA
Phalaenopsis sp.; cultivar 'F3554',Phalaenopsis,NA
Phalaenopsis sp.; cultivar 'F4511',Phalaenopsis,NA
Phalaenopsis sp.; cultivar 'F5590',Phalaenopsis,NA
Phalaenopsis sp.; cultivar 'GW1236',Phalaenopsis,NA
Phalaenopsis sp.; cultivar 'KA17400',Phalaenopsis,NA
Phalaenopsis sp.; cultivar 'KHM0159',Phalaenopsis,NA
Phalaenopsis sp.; cultivar 'KHM2157',Phalaenopsis,NA
Phalaenopsis sp.; cultivar 'LH101-1',Phalaenopsis,NA
Phalaenopsis sp.; cultivar 'LH17',Phalaenopsis,NA
Phalaenopsis sp.; cultivar 'LL224',Phalaenopsis,NA
Phalaenopsis sp.; cultivar 'OX1647',Phalaenopsis,NA
"Phalaris sp., Australia",Phalaris,NA
Phasaeolus vulgaris,Phaseolus vulgaris,NA
Phaseolus sp.,Phaseolus,NA
Phaseolus vulgaris (bean),Phaseolus vulgaris,NA
Phaseolus vulgaris L.,Phaseolus vulgaris,NA
Phelipanche ramosa (L.),Phelipanche ramosa,NA
Philaenus sp.; female,Philaenus,NA
Philodendron 02,Philodendron,NA
Philodendron sp.,Philodendron,NA
Phleum commutatum,Phleum commutatum,NA
Phloeosinus bicolor,Phloeosinus bicolor,NA
Phloeosinus cupressi,Phloeosinus,NA
Phloeosinus cupressi,Phloeosinus,NA
Phloeosinus fulgens,Phloeosinus,NA
Phloeosinus fulgens,Phloeosinus,NA
Phloeosinus sequiae,Phloeosinus,NA
Phloeosinus sp.,Phloeosinus,NA
Phloeosinus thujaea,Phloeosinus thujaea,NA
Phloesinus canadensis,Phloeosinus canadensis,NA
Phloesinus cupressi,Phloeosinus,NA
Phloesinus sequiae,Phloeosinus,NA
Phloesinus thujaea,Phloeosinus thujaea,NA
Phoebe zhennan S.Lee&F.N.Wei,Phoebe zhennan,NA
Phoenix canariensis (palm),Phoenix canariensis,NA
Phoenix dactylifera L.,Phoenix dactylifera,NA
"Phoenix dactylifera L., cv. Medjool",Phoenix dactylifera,NA
Pholidota sp.,Pholidota,NA
Pholiota conissans (mushroom),Pholiota conissans,NA
Phoradendron perrottetii,Phoradendron perrottetii,NA
Phosphogypsum,NA,NA
Phragmidium tuberculatum Jul. Muell. on Rosa canina L.,Rosa canina,NA
Phragmites australis (Cav.) Trin. ex Steud,Phragmites australis,NA
Phragmites australis gulf,Phragmites australis,NA
Phragmitessp.,Phragmites,NA
Phyla lanceolata (sym. Lippia lanceolate),Phyla lanceolata,NA
Phyllidia coelestis sp.,Phyllidia coelestis,NA
Phyllophaga sp. (Coleoptera: Scarabeidae),Phyllophaga,NA
Phyllostachys bambusoides var. castillonis-inversa,Phyllostachys bambusoides,NA
Phyllostachys edulis (bamboo),Phyllostachys edulis,NA
Phyllostachys pubescens with bamboo witches' broom disease,Phyllostachys pubescens,NA
Phyllostachys violascens Riviere & C. Riviere,Phyllostachys violascens,NA
Phylophaga vicina,Phyllophaga vicina,NA
Physalis alkekengi var. franchetii,Physalis alkekengi,NA
Physignathus sp.,Physignathus,NA
phytonematode,Nematoda,NA
Phytoscaphus sp.,Phytoscaphus,NA
piberbettle (endophyte),Piper betle,NA
Piberbettle leaf (endophyte),Piberbettle,NA
Picea abies L. Karst.,Picea abies,NA
Picea engelmannii x galuca,Picea,NA
Picea engelmannii X galuca,Picea,NA
Picea sp. smrca,Picea,NA
Picris hieracioides subsp. japonica,Picris hieracioides,NA
Picus sp.,Picus,NA
pig; female,Sus scrofa,NA
pig; male,Sus scrofa,NA
pigeon,Columbidae,NA
Pigeon,Columbidae,NA
pigeon pea - Delhi,Cajanus cajan,NA
Pigeon pea (Arhar),Cajanus cajan,NA
pigeonpea,Cajanus cajan,NA
Pigeonpea,Cajanus cajan,NA
PIGEONPEA,Cajanus cajan,NA
pigeonpea rhizosphere soil,Cajanus cajan,NA
Pigeonpea wilt infected stem,Cajanus cajan,NA
pine,Pinus,NA
Pine,Pinus,NA
pine cone,Pinus,NA
pine debris,Pinus,NA
pine forest,Pinus,NA
pine needle,Pinus,NA
Pine nut,Pinus,NA
Pine pollen,Pinus,NA
pine shoot beetle,Scolytinae,NA
Pine sylvestris,Pinus sylvestris,NA
pine tree,Pinus,NA
Pine yunnanensis,Pinus yunnanensis,NA
Pines,Pinus,NA
pines,Pinus,NA
Pines sp.,Pinus,NA
pinha,NA,NA
Pinopsida sp.,Pinopsida,NA
Pinus caribea,Pinus caribaea,NA
Pinus contorta var latifolia,Pinus contorta,NA
Pinus contorta var. contorta,Pinus contorta,NA
Pinus elliottii x caribaea,Pinus,NA
Pinus massoniana Lamb.,Pinus massoniana,NA
Pinus mugo; 2-yr-old stump of a burned tree,Pinus mugo,NA
Pinus nigra crown,Pinus nigra,NA
Pinus nigra cv. brepo,Pinus nigra,NA
Pinus nigra cv. Brepo,Pinus nigra,NA
Pinus nigra subsp. pallasiana var. fastigiata,Pinus nigra,NA
Pinus nigra subsp. pallasiana var. seneriana,Pinus nigra,NA
Pinus palassiana,Pinus nigra,NA
Pinus parviflora 'glauca',Pinus parviflora,NA
Pinus radiata (Monterey pine),Pinus radiata,NA
Pinus radiata D. Don,Pinus radiata,NA
Pinus spp.,Pinus,NA
Pinus sylvestris L.,Pinus sylvestris,NA
Pinus taeda root macerations,Pinus taeda,NA
pinyon tree,Pinus,NA
Piper nigrum (black pepper),Piper nigrum,NA
Piper tuberculatum Jacq.,Piper tuberculatum,NA
Piscidia piscipula (Fabaceae),Piscidia piscipula,NA
Pistachia vera,Pistachia vera,NA
pistachio nut,Pistacia vera,NA
pistachio tree,Pistacia vera,NA
Pistacia vera L.,Pistacia vera,NA
Pisum sativum L.,Pisum sativum,NA
Pitahaya,Selenicereus,NA
pitaya,Selenicereus,NA
Pitaya,Selenicereus,NA
Pityogenes quadridens or P. bidentatus,Scolytinae,NA
"Pityogenes quadridens, P. bidentatus or Pityophthorus pityographus",Scolytinae,NA
Pityophthorus pityographus or Cryphalus piceae,Scolytinae,NA
Pityophthorus pityographus or Cryphalus sp.,Scolytinae,NA
Pityrocarpa moniliformis Benth.,Pityrocarpa moniliformis,NA
plan debris from lake,NA,NA
Planococcus lilacinus (coffee mealybug),Planococcus lilacinus,NA
plant,Viridiplantae,NA
Plant,Viridiplantae,NA
PLANT,Viridiplantae,NA
plant (endophytes),Viridiplantae,NA
plant 1,Viridiplantae,NA
plant 10,Viridiplantae,NA
plant 12,Viridiplantae,NA
plant 13,Viridiplantae,NA
plant 14,Viridiplantae,NA
plant 15,Viridiplantae,NA
plant 16,Viridiplantae,NA
plant 17,Viridiplantae,NA
plant 19,Viridiplantae,NA
plant 2,Viridiplantae,NA
plant 20,Viridiplantae,NA
plant 21,Viridiplantae,NA
plant 22,Viridiplantae,NA
plant 23,Viridiplantae,NA
plant 24,Viridiplantae,NA
plant 25,Viridiplantae,NA
plant 26,Viridiplantae,NA
plant 27,Viridiplantae,NA
plant 28,Viridiplantae,NA
plant 3,Viridiplantae,NA
plant 4,Viridiplantae,NA
plant 5,Viridiplantae,NA
plant 6,Viridiplantae,NA
plant 7,Viridiplantae,NA
plant 8,Viridiplantae,NA
plant 9,Viridiplantae,NA
Plant Bark,Viridiplantae,NA
Plant bark and Rock,NA,NA
plant debris,Viridiplantae,NA
Plant detritus,Viridiplantae,NA
Plant Endophyte,Viridiplantae,NA
plant flower,Viridiplantae,NA
Plant fruit,Viridiplantae,NA
plant in Gramineae,Gramineae,NA
plant in Solanaceae,Solanaceae,NA
Plant Leaves,Viridiplantae,NA
plant leaves,Viridiplantae,NA
Plant Litte,Viridiplantae,NA
Plant litter,Viridiplantae,NA
Plant litters,Viridiplantae,NA
plant of Uriticaceae,Urticaceae,NA
plant parts,Viridiplantae,NA
plant root,Viridiplantae,NA
Plant roots,Viridiplantae,NA
"plant roots, species undetermined",Viridiplantae,NA
plant source,Viridiplantae,NA
plant surface,Viridiplantae,NA
Plant Thevetia peruviana,Thevetia peruviana,NA
Plant: Cuminum cyminum (Cumin),Cuminum cyminum,NA
Plant: cuminum cyminum (Cumin),Cuminum cyminum,NA
plant18,Viridiplantae,NA
Plantae,Viridiplantae,NA
Plantago lanceolata L.,Plantago lanceolata,NA
Plantago serpentina,Plantago serpentina,NA
plastic,NA,NA
Platanthera azorica voucher SJ17-4,Platanthera azorica,NA
Platanthera micrantha voucher SJ26-2,Platanthera micrantha,NA
Platanthera pollostantha voucher M1-2,Platanthera pollostantha,NA
Platanthera pollostantha voucher M1-8,Platanthera pollostantha,NA
Platanthera pollostantha voucher M11-6,Platanthera pollostantha,NA
Platanthera pollostantha voucher PM4-14,Platanthera pollostantha,NA
Platanthera pollostantha voucher SM-3,Platanthera pollostantha,NA
Platanus sp.,Platanus,NA
Platypleura kaempferi (nymph),Platypleura kaempferi,NA
Pleasing Ganoderma beetles,Erotylidae,NA
Pleorotus ostreatus,Pleurotus ostreatus,NA
Pleurotus eryngii; cultivated,Pleurotus eryngii,NA
Pleurotus ostreatus cultivation,Pleurotus ostreatus,NA
Ploclama pendula,Plocama pendula,NA
Plumeria sp.,Plumeria,NA
Plums (Prunus salicina),Prunus salicina,NA
Plusia sp.,Plusia,NA
Poa nemoralis var montana,Poa nemoralis,NA
Poa nemoralis var. montana,Poa nemoralis,NA
Poa pratense,Poa pratensis,NA
Poa pratensis L.,Poa pratensis,NA
Poa pratensis subsp alpigena,Poa pratensis,NA
Poa rigidifolia,Poa rigidifolia,NA
Poa secunda subsp. juncifolia (Scribn.) Soreng,Poa secunda,NA
Poa silvicola,Poa silvicola,NA
Poa sp,Poa,NA
Poa triviarlis,Poa trivialis,NA
Poacea,Poaceae,NA
Podisus sp.,Podisus,NA
Podocarpus nagi,Nageia nagi,NA
Podocarpus sp.,Podocarpus,NA
Podosphaera leucotricha ex Malus domestica,Malus domestica,NA
Podosphaera leucotricha infecting Malus domestica,Podosphaera leucotricha,NA
Podosphaera pannosa ex Rosa sp.,Rosa,NA
Podosphaera pannosa infecting Rosa sp.,Rosa,NA
Podosphaera xanthii ex Cucumis sp.,Podosphaera xanthii,NA
Podosphaera xanthii infecting Cucurbita pepo,Podosphaera xanthii,NA
Poecilometigena sp.,Poecilometigena,NA
Poecilometis sp.,Poecilometis,NA
Pogada,NA,NA
Pogostemon cablin (Blanco) Benth.,Pogostemon cablin,NA
Pohlia cf. annotina,Pohlia,NA
Pohlia cf. nutans subsp. schimperi,Pohlia,NA
Poinciana looper,Poinciana looper,NA
polemo,NA,NA
Polistes jokahamae (adult),Polistes jokahamae,NA
Pollen,Viridiplantae,NA
Polycephalomyces cf. elaphomyceticola,Polycephalomyces,NA
Polygonatum cyrtonema Hua,Polygonatum cyrtonema,NA
Polygonatum kingianum (Dianhuangjing),Polygonatum kingianum,NA
Polygonatum kingianum Coll. et Hemsl,Polygonatum kingianum,NA
Polygonatum odoratum (Mill.) Druce,Polygonatum odoratum,NA
Polygonatum sibiricum Delar. ex Redoute,Polygonatum sibiricum,NA
Polygonatum sibiricum Red.,Polygonatum sibiricum,NA
Polygonum cuspidatum Sieb. et Zucc.,Polygonum cuspidatum,NA
Polypogon monspeliensis (L.) Desf.,Polypogon monspeliensis,NA
polypore,Polyporales,NA
Polypore,Polyporales,NA
polypore (fungus),Polyporales,NA
polypore basidiocarp,Polyporales,NA
polypore hymenophore,Polyporales,NA
Polyporus badius,Polyporus badius,NA
Polyrhachis (campomyrma) sp. 1,Polyrhachis,NA
Polyrhachis sp. 8,Polyrhachis,NA
Pomatocalpadecipiens,Pomatocalpa decipiens,NA
Pomegranate shot hole borer,Coleoptera,NA
pomegranate tree,Punica granatum,NA
pomeranian,Canis lupus familiaris,NA
Pomogranate,Punica granatum,NA
Pomogrenate,Punica granatum,NA
Ponera sp.,Ponera,NA
Ponera sp. (ant),Ponera,NA
Pongamia pinnata (bani),Pongamia pinnata,NA
Pongamia pinnata (synonym: Millettia pinnata) (bani),Pongamia pinnata,NA
Pongamiea,Pongamia,NA
poodle,Canis lupus familiaris,NA
poppy,Papaveraceae,NA
popular,Populus,NA
Populus alba var. denudata,Populus alba,NA
Populus cathayana Rehd.,Populus cathayana,NA
Populus deltoides x Populus nigra (hybrid),Populus,NA
Populus grandidentata x Populus alba,Populus,NA
Populus hybrid,Populus,NA
Populus hybrid 'P39',Populus,NA
Populus nigra 'italica',Populus nigra,NA
Populus nigra x Populus maximowiczii; clone: Max-4,Populus,NA
Populus serotina-erecta,Populus serotina-erecta,NA
Populus tremuloides; mature,Populus tremuloides,NA
Populustremuloides,Populus tremuloides,NA
porcine,Sus scrofa,NA
Portulaca oleracea L.,Portulaca oleracea,NA
Posidonia sp.,Posidonia,NA
Potato aphids,Aphidoidea,NA
potato cv. Spunta,Solanum tuberosum,NA
Potato plant roots,Solanum tuberosum,NA
Potatoe,Solanum,NA
Potenzial,NA,NA
Potosia brevitarsis Leiwis larvae,Potosia brevitarsis,NA
Poultry,Aves,NA
poultry,Aves,NA
Poultry feed,NA,NA
Poultry ration,NA,NA
poultry; Ross type; 2-3 weeks old,Gallus gallus,NA
Pouteria reticulata (Sapotaceae),Pouteria reticulata,NA
PPinus mugo,Pinus mugo,NA
Prawns,Decapoda,NA
Premna serratifolia L.,Premna serratifolia,NA
Prionacris sp.,Prionacris,NA
Pristiphora erichsoni,Pristiphora erichsoni,NA
processing tomato,Solanum lycopersicum,NA
progeny of FRC m-6471 x FRC m-3793,NA,NA
Prosomillet,Panicum miliaceum,NA
Protaetia orientalis 3rd-instar larva,Protaetia orientalis,NA
Protaetia orientalis submarumorea,Protaetia orientalis,NA
Protea sp.,Protea,NA
Protium panamense (Burseraceae),Protium panamense,NA
Protium tenuifolium (Burseraceae),Protium tenuifolium,NA
protoplast fusion of ATCC 20737 and ATCC 60850,NA,NA
prune,Prunus domestica,NA
Prunus armeniaca (apricots),Prunus armeniaca,NA
Prunus armeniaca (synonym: Armeniaca vulgaris Lam.),Prunus armeniaca,NA
Prunus avium (cherry),Prunus avium,NA
Prunus avium L.,Prunus avium,NA
Prunus cerasus (cultivar v Montmorency),Prunus cerasus,NA
Prunus dulcis rhizosphere,Prunus dulcis,NA
Prunus incisa; cultivar: The Bride,Prunus incisa,NA
Prunus mume (synonym: Armeniaca mume Sieb.),Prunus mume,NA
Prunus persica var Compressa Bean,Prunus persica,NA
Prunus persica var. nectarina maxim,Prunus persica,NA
Prunus salicina (Plums),Prunus salicina,NA
Prunus serrulata; cultivar: Shirofugen,Prunus serrulata,NA
Prunus sp. Hansen 536 rootstock,Prunus,NA
Psathyrostachys sp.,Psathyrostachys,NA
Pseudopityophthorus pubinpennis,Pseudopityophthorus pubipennis,NA
Pseudorca crassidens (false killer whale) J1691,Pseudorca crassidens,NA
Pseudorca crassidens (false killer whale) U7958,Pseudorca crassidens,NA
Pseudotsuga (Douglas fir),Pseudotsuga,NA
Pseudotsuga sp.,Pseudotsuga,NA
Psidium cattleianum f. lucidum,Psidium cattleyanum,NA
Psidium guajava L.,Psidium guajava,NA
"Psilopa sp. (Diptera, Ephydridae)",Psilopa,NA
psittaciforme,Psittaciformes,NA
Psocoptera; nymph,Psocodea,NA
"Psychidae, Lepidoptera, larva",Psychidae,NA
Psychilis monensis,Psychilis,NA
Pteridophyta,Tracheophyta,NA
Ptychostomum cf. pallens,Ptychostomum,NA
Puccinia 'urticae-caricis' (Schumach.) Rebent. on Urtica dioica L.,Urtica dioica,NA
Puccinia circaeae-caricis Hasler on Circaea lutetiana L.,Puccinia circaeae-caricis,NA
Puccinia convolvuli (Pers.) Cast. on Calystegia sepium (L.) R. Br.,Puccinia convolvuli,NA
Puccinia cribrata Arthur & Cummins on Vinca minor L.,Vinca minor,NA
Puccinia graminis Pers. on Berberis vulgaris L.,Puccinia graminis,NA
Puccinia phalaridis Plowr. on Arum maculatum L.,Puccinia,NA
Puccinia poarum Nielsen on Tussilago farfara L.,Tussilago farfara,NA
"Puccinia senecionis-acutiformis Hasler, Mayor & Cruchet on Senecio ovatus Willd.",Senecio ovatus,NA
Puccinia silvatica J. Schroet. on Taraxacum officinale agg. F. H. Wigg.,Taraxacum officinale,NA
Puccinia symphyti-bromorum F. Muell. on Symphytum officinale L.,Symphytum officinale,NA
Puccinia symphyti-bromorum F. Muell. on Symphytum x uplandicum Nym.,Symphytum,NA
Puccinia vincae (DC.) Berk. on Vinca major L.,Vinca major,NA
Pucerons (Aphidoidea),Aphidoidea,NA
pumelo,Citrus maxima,NA
Pumkin,Cucurbita,NA
pumpkin,Cucurbita,NA
Pumpkin,Cucurbita,NA
Punica granatum cultivar sheshe-cap,Punica granatum,NA
Punus,Prunus,NA
Pupae of Lepidoptera,Lepidoptera,NA
"pupae, Lepidoptera",Lepidoptera,NA
purple coneflower,Echinacea purpurea,NA
purslane,Portulaca oleracea,NA
Putorius vison,Neogale vison,NA
Pyrenocarp,NA,NA
pyrenomycete,Sordariomycetes,NA
Pyrilla perpusilla (Insect),Pyrilla perpusilla,NA
Pyrus communis cultivar 'Bosc Gold',Pyrus communis,NA
Pyrus communis cultivar 'Bosc',Pyrus,NA
Pyrus communis cultivar 'Green d'Anjou,Pyrus communis,NA
Pyrus communis cultivar 'Green d'Anjou',Pyrus communis,NA
Pyrus communis cultivar 'Red d'Anjou',Pyrus,NA
Pyrus communis; cultivar: 'Bosc',Pyrus communis,NA
Pyrus communis; cultivar: 'Green d'Anjou',Pyrus communis,NA
Pyrus communis; cultivar: Bosc,Pyrus communis,NA
Pyrus communis; cultivar: Green d'Anjou,Pyrus communis,NA
Pythecelobium dulce,Pithecellobium dulce,NA
Pytho sp.,Pytho,NA
Pytho sp. (Coleoptera),Pytho,NA
Q. pubescens,Quercus pubescens,NA
qingke,Hordeum vulgare,NA
quail,Coturnix,NA
Quail Internal organs,Coturnix,NA
queen palm,Syagrus romanzoffiana,NA
Queen Palm,Syagrus romanzoffiana,NA
Quercis,Quercus,NA
Quercus (Suspect) unknown,Quercus,NA
Quercus acrifolia,Quercus agrifolia,NA
Quercus acuta fallen leaves,Quercus acuta,NA
Quercus mysinaefolia,Quercus myrsinifolia,NA
Quercus petrea,Quercus petraea,NA
Quercus phillyreoides,Quercus,NA
Quercus sp. (suspect),Quercus,NA
Quercus spp.,Quercus,NA
Quercusprinus,Quercus montana,NA
Quercusrubra,Quercus rubra,NA
Quercussp.,Quercus,NA
Querous,Quercus,NA
Querqus brantii,Quercus brantii,NA
Querqus infectoria,Quercus infectoria,NA
Quintinia serrata,Quintinia serrata,NA
R. mucronata,Rhizophora mucronata,NA
R1,NA,NA
raapsteel,Brassica rapa,NA
Radish - Odisha,Raphanus sativus,NA
Raiz de Aguacate,Persea americana,NA
Rajmash,Phaseolus vulgaris,NA
Ramulus ussurianus,Ramulus ussurianus,NA
Ranunculus polyanthemos agg.,Ranunculus polyanthemos,NA
Ranunuculus,Ranunculus,NA
Ranunuculus acris,Ranunculus acris,NA
rapeseed,Brassica napus,NA
Rapeseed,Brassica napus,NA
Rapeseed-Mustard,Brassica,NA
rasberry,Rubus,NA
raspberry,Rubus idaeus,NA
Rastali (AAB),Musa,NA
rat dung,NA,NA
Rattus tanezumi R2,Rattus tanezumi,NA
Rattus tanezumi R3,Rattus tanezumi,NA
Rattusamanensis,Rattus,NA
Rauvolfia densiflora (Wall.) Benth. ex Hook.f.,Rauvolfia densiflora,NA
reared Cilus gilberti,Cilus gilberti,NA
reared Oncorhynchus kisutch,Oncorhynchus kisutch,NA
reared Oncorhynchus mykiss,Oncorhynchus mykiss,NA
reared Salmo salar,Salmo salar,NA
reared Seriola lalandi,Seriola lalandi,NA
RED BANANA (AAA),Musa,NA
Red Dragon roots,Selenicereus,NA
red gram,Cajanus cajan,NA
Red kidney bean,Phaseolus vulgaris,NA
red Paeoniae Trichocarpae,Paeonia,NA
Red palm weevil adult,Rhynchophorus ferrugineus,NA
Red palm weevil adults,Rhynchophorus ferrugineus,NA
Red rotted sugarcane,Saccharum,NA
red rotted sugarcane,Saccharum,NA
Redbud,Cercis,NA
redgram,Cajanus cajan,NA
reed,Viridiplantae,NA
Reticulitermes sp. nr. okinawanus,Reticulitermes,NA
Rhabdophaga rosaria,Rhabdophaga rosaria,NA
Rhaphitropis marchicus,Rhaphitropis,NA
rhino,Rhinocerotidae,NA
rhinocerous,Rhinocerotidae,NA
Rhinolophus sp. (bat),Rhinolophus,NA
Rhizocarpon cf geographicum,Rhizocarpon,NA
Rhizoma Drynariae,Drynaria,NA
rhizome of Polygonatum cyrtonema,Polygonatum cyrtonema,NA
Rhizophora mangle L.,Rhizophora mangle,NA
Rhizophoraceae sp. (mangrove),Rhizophoraceae,NA
Rhizosphere,NA,NA
rhizosphere,NA,NA
rhizosphere of Anabasis articulata (Forssk.) Moq.,Anabasis articulata,NA
Rhizosphere of Canna indica L,NA,NA
Rhizosphere of oil palm,NA,NA
Rhizosphere of plants growing on crude-oil polluted soil,NA,NA
rhizosphere of Triticum aestivum L.,Triticum aestivum,NA
Rhizosphere soil,NA,NA
rhizosphere soil,NA,NA
Rhizosphere soil from Cowpea (Vigna unguiculata),Vigna unguiculata,NA
Rhizosphere soil of Brinjal (Solanum melongena L.),Solanum melongena,NA
Rhizosphere soil of Chilli (Capsicum annum L.),NA,NA
Rhizosphere soil of okra (Abelmoschus esculentus L.),Abelmoschus esculentus,NA
rhizosphere soils of strawberry seedlings,NA,NA
Rhododendron campylocarpum subsp. campylocarpum x Rhododendron williamsianum cv. Moonstone,Rhododendron,NA
Rhododendron caucasicum x ponticum cv Cunningham white,Rhododendron,NA
Rhododendron intermedium,Rhododendron,NA
Rhododendron obtusum cv. Amoenum,Rhododendron obtusum,NA
Rhododendronleaves,Rhododendron,NA
Rhopalosiphum maidis (maize aphid),Rhopalosiphum maidis,NA
Rhynchophorus ferrugineus; adult,Rhynchophorus ferrugineus,NA
Rhynchophorus ferrugineus; adult; male,Rhynchophorus ferrugineus,NA
Rhynchospora nervosum,Rhynchospora nervosa,NA
Ribes rubrum cv. Rovada,Ribes rubrum,NA
rice (BPT 5204),Oryza sativa,NA
rice (BPT Variety),Oryza sativa,NA
rice (Landrace),Oryza sativa,NA
rice (MTU 7029),Oryza sativa,NA
RICE (Oryzae sativa),Oryza sativa,NA
RICE (Oryzae sativa); BPT Variety,Oryza sativa,NA
rice (PB-1),Oryza sativa,NA
rice brown plant hopper,Nilaparvata lugens,NA
"rice bug, Brinjal mealy bug",Hemiptera,NA
rice crop,Oryza sativa,NA
rice cultivar BPT5204,Oryza sativa,NA
rice cultivar CO 39,Oryza sativa,NA
rice cultivar Co39,Oryza sativa,NA
rice cultivar Giza 177,Oryza sativa,NA
rice cultivar Giza 178,Oryza sativa,NA
rice cultivar HR12,Oryza sativa,NA
rice cultivar Karuna,Oryza sativa,NA
rice cultivar Lunishree,Oryza sativa,NA
rice cultivar Mirchamat,Oryza sativa,NA
rice cultivar Sahabhagidhan,Oryza sativa,NA
rice cultivar Sakha 101,Oryza sativa,NA
rice cultivar Sakha 104,Oryza sativa,NA
Rice cultivar Sakha 108,Oryza sativa,NA
rice cultivar Sarala,Oryza sativa,NA
rice cultivar Savitri,Oryza sativa,NA
rice cultivar Utkalprabha during callus formation,Oryza sativa,NA
rice cultivarKaruna,Oryza sativa,NA
rice cv. Epagri 108,Oryza sativa,NA
rice cv. Improved Lalat,Oryza sativa,NA
rice cv. Kalazeera,Oryza sativa,NA
rice cv. Karuna,Oryza sativa,NA
rice cv. Nuadhusra,Oryza sativa,NA
rice cv. Rio Formoso,Oryza sativa,NA
rice fallow,Oryza sativa,NA
Rice grians,Oryza sativa,NA
Rice Horned Caterpillar (Melanitis leda ismene) from rice field,Melanitis leda,NA
rice land-race Borasaruchina,Oryza sativa,NA
rice land-race Mayurkantha during callus formation,Oryza sativa,NA
rice land-race Rajmali,Oryza sativa,NA
rice leaf,Oryza sativa,NA
rice leaves,Oryza sativa,NA
rice meal moth,Corcyra cephalonica,NA
rice plant,Oryza sativa,NA
Rice plant (Oryza sativa L.),Oryza sativa,NA
rice seedlings,Oryza sativa,NA
rice stem borer larvae,Scirpophaga incertulas,NA
rice var. Pooja,Oryza sativa,NA
rice var. Sarala,Oryza sativa,NA
Rice-Yasmine (vd20),Oryza sativa,NA
rice; cultivar Ketkijoha,Oryza sativa,NA
rice; cultivar Pooja,Oryza sativa,NA
rice; cultivar: Anbarbo,Oryza sativa,NA
rice; cv. Champa,Oryza sativa,NA
rice; cv. Machandi,Oryza sativa,NA
rice; cv. Malabati,Oryza sativa,NA
rice; cv. MTU 1010,Oryza sativa,NA
rice; genotype Dubraj Bhog,Oryza sativa,NA
rice; genotype Varshadhan,Oryza sativa,NA
rice; gentype Gahamphul,Oryza sativa,NA
rice; hybrid,Oryza sativa,NA
rice; landrace Rangiarai,Oryza sativa,NA
ricebean,Vigna umbellata,NA
rich broadleaved forest,Magnoliophyta,NA
Ricinus communis L.,Ricinus communis,NA
ricw,Oryza sativa,NA
Ridge Gourd,Luffa acutangula,NA
ridge gourd,Luffa acutangula,NA
Ridgegourd,Luffa acutangula,NA
Rinorea sylvatica (Violaceae),Rinorea sylvatica,NA
Robinia,Robinia,NA
rock,NA,NA
Rock,NA,NA
rock lily,Magnoliopsida,NA
rock midge,Chironomidae,NA
rock sample,NA,NA
Rock substrate,NA,NA
rock surface,NA,NA
rocket,Eruca sativa,NA
Rocket,Eruca sativa,NA
rockmelon,Cucumis melo,NA
Rocks,NA,NA
rocks,NA,NA
Rollinia sp.,Rollinia,NA
rooster,Gallus gallus,NA
root Betula pendula,Betula pendula,NA
root knot nematode,Meloidogyne,NA
root Orthilia secunda,Orthilia secunda,NA
root Picea abies,Picea abies,NA
root Pinus sylvestris,Pinus sylvestris,NA
root Populus tremula,Populus tremula,NA
root Pyrola media,Pyrola media,NA
root Pyrola rotundifolia,Pyrola rotundifolia,NA
root Tilia cordata,Tilia cordata,NA
Root- S. macrophylla,Swietenia macrophylla,NA
root-knot nematode eggmasses,Meloidogyne,NA
roots,Viridiplantae,NA
"Roots of Aerides odorata- orchid, epiphytes",Aerides odorata,NA
roots of banana,Musa,NA
roots of Cedrus deodara,Cedrus deodara,NA
"Roots of healthy, symptom-free wheat plants",Triticum aestivum,NA
roots of Microlaena stipoides,Microlaena stipoides,NA
roots of Microlaena stipoides & Trifolium subterraneum,Viridiplantae,NA
Roots of Neem Plant,Azadirachta indica,NA
roots of Trifolium subterraneum,Trifolium subterraneum,NA
roots of tropical plants,Viridiplantae,NA
roots of Zingiber officinalle,Zingiber officinale,NA
Ros x damascena,Rosa,NA
Rosa chinensis Jacq.,Rosa chinensis,NA
Rosa hybrid cultivar Radrazz,Rosa,NA
Rosa roxburghii Tratt.,Rosa roxburghii,NA
Rosae,Rosa,NA
Rosasp.,Rosa,NA
rose,Rosa,NA
Rose leaf(Rosa spp.),Rosa,NA
rosella,Hibiscus sabdariffa,NA
roses,Rosa,NA
Rotting mushroom,Basidiomycota,NA
rotting mushroom,Basidiomycota,NA
Rotylenchulus reniformis egg mass,Rotylenchulus reniformis,NA
Rubber,Hevea brasiliensis,NA
rubber,Hevea brasiliensis,NA
Rubber soil,Hevea,NA
rubbertree,Hevea brasiliensis,NA
rubberwood,Hevea brasiliensis,NA
Rubia hexaphylla,Rubia,NA
Rubus corchorifolius L.,Rubus corchorifolius,NA
Rubus fruticosus cv. Prime-Ark 45,Rubus fruticosus,NA
Rubus glaucus Benth,Rubus glaucus,NA
Rubus idaeus (raspberry),Rubus idaeus,NA
Rubus sp. (blackberry),Rubus,NA
Rubus sp. sect. Rubus (R. fruticosus agg.),Rubus,NA
Rubus sp.; cultivar: Tuby,Rubus,NA
Rudbeckia paniculata,Rudbeckia,NA
Rudbeckia sp.,Rudbeckia,NA
Rumaix,Rumex,NA
ruminants,Ruminantia,NA
Russula brevipes group,Russula brevipes,NA
rust,NA,NA
rust pathogen,Pucciniales,NA
rust Phragmidium sp.,Phragmidium,NA
S. bicolor,Sorghum bicolor,NA
Saccharum hybrid cultivar 2006A223,Saccharum,NA
Saccharum hybrid cultivar Co 0212,Saccharum,NA
Saccharum hybrid cultivar Co 86032 (sugarcane),Saccharum,NA
Saccharum hybrid cv. Co0212,Saccharum,NA
Saccharum hybrid cv. Co06030,Saccharum,NA
Saccharum hybrid cv. Co09004,Saccharum,NA
Saccharum hybrid cv. Co81615,Saccharum,NA
Saccharum hybrid cv. Co98006,Saccharum,NA
Saccharum hybrid cv. CoA7602,Saccharum,NA
Saccharum hybrid cv. CoC13339,Saccharum,NA
Saccharum hybrid cv. CoPb17211,Saccharum,NA
Saccharum hybrid cv. Cos92263,Saccharum,NA
Saccharum hybrid cv. CoVc14061,Saccharum,NA
Saccharum hybrid cv. CoVc18061,Saccharum,NA
Saccharum officinarum L.,Saccharum officinarum,NA
Saccharum spontaneum L.,Saccharum spontaneum,NA
Saccharumofficinarum,Saccharum officinarum,NA
safferon,Crocus sativus,NA
saffron,Crocus sativus,NA
Saffron,Crocus sativus,NA
Saflower,Carthamus tinctorius,NA
Sagina sp.,Sagina,NA
Saguinus oedipus oedipus,Saguinus oedipus,NA
sainfoin,Onobrychis viciifolia,NA
Saintpaulia sp.,Saintpaulia,NA
Salicornia europaea (L.),Salicornia europaea,NA
Salii,Salix,NA
Saline water,NA,NA
Salix alba X viminalis,Salix,NA
Salix arbuscula 20-1-arb (E),Salix arbuscula,NA
Salix arbuscula 20-2-arb (E),Salix arbuscula,NA
Salix arbuscula 21-arb (E),Salix arbuscula,NA
Salix arbuscula 22-1-arb (E),Salix arbuscula,NA
Salix arbuscula 22-2-arb (E),Salix arbuscula,NA
Salix arbuscula 23-arb (E),Salix arbuscula,NA
Salix arbuscula 35-arb (E),Salix arbuscula,NA
Salix arbuscula 36-arb (E),Salix arbuscula,NA
Salix arbuscula 40-arb (E),Salix arbuscula,NA
Salix aurita 52-aur (E),Salix aurita,NA
Salix herbacea 1-her (E),Salix herbacea,NA
Salix herbacea 128-her (E),Salix herbacea,NA
Salix herbacea 129-her (E),Salix herbacea,NA
Salix herbacea 139-her (E),Salix herbacea,NA
Salix herbacea 2-her (E),Salix herbacea,NA
Salix herbacea 3-her (E),Salix herbacea,NA
Salix herbacea 32-her (E),Salix herbacea,NA
Salix herbacea 33-her (E),Salix herbacea,NA
Salix herbacea 34-her (E),Salix herbacea,NA
Salix lanata 125-1-lan (E),Salix lanata,NA
Salix lanata 125-2-lan (E),Salix lanata,NA
Salix lanata 55-lan (E),Salix lanata,NA
Salix lanata 56-1-lan (E),Salix lanata,NA
Salix lanata 56-2-lan (E),Salix lanata,NA
Salix lanata 64-1-lan (E),Salix lanata,NA
Salix lanata 64-2-lan (E),Salix lanata,NA
Salix lanata 66-lan (E),Salix lanata,NA
Salix lanata 68-lan (E),Salix lanata,NA
Salix lanata 94-1-lan (E),Salix lanata,NA
Salix lanata 94-2-lan (E),Salix lanata,NA
Salix lapponum 10-lap (E),Salix lapponum,NA
Salix lapponum 101-lap (E),Salix lapponum,NA
Salix lapponum 103-lap (E),Salix lapponum,NA
Salix lapponum 110-lap (E),Salix lapponum,NA
Salix lapponum 111-1-lap (E),Salix lapponum,NA
Salix lapponum 111-2-lap (E),Salix lapponum,NA
Salix lapponum 112-lap (E),Salix lapponum,NA
Salix lapponum 113-lap (E),Salix lapponum,NA
Salix lapponum 114-lap (E),Salix lapponum,NA
Salix lapponum 115-lap (E),Salix lapponum,NA
Salix lapponum 117-lap (E),Salix lapponum,NA
Salix lapponum 118-lap (E),Salix lapponum,NA
Salix lapponum 119-lap (E),Salix lapponum,NA
Salix lapponum 12-lap (E),Salix lapponum,NA
Salix lapponum 123-lap (E),Salix lapponum,NA
Salix lapponum 13-lap (E),Salix lapponum,NA
Salix lapponum 132-lap (E),Salix lapponum,NA
Salix lapponum 133-lap (E),Salix lapponum,NA
Salix lapponum 134-lap (E),Salix lapponum,NA
Salix lapponum 135-lap (E),Salix lapponum,NA
Salix lapponum 14-lap (E),Salix lapponum,NA
Salix lapponum 141-lap (E),Salix lapponum,NA
Salix lapponum 143-lap (E),Salix lapponum,NA
Salix lapponum 15-lap (E),Salix lapponum,NA
Salix lapponum 16-lap (E),Salix lapponum,NA
Salix lapponum 24-lap (E),Salix lapponum,NA
Salix lapponum 26-lap (E),Salix lapponum,NA
Salix lapponum 28-lap (E),Salix lapponum,NA
Salix lapponum 29-lap (E),Salix lapponum,NA
Salix lapponum 30-lap (E),Salix lapponum,NA
Salix lapponum 31-lap (E),Salix lapponum,NA
Salix lapponum 4-lap (E),Salix lapponum,NA
Salix lapponum 42-lap (E),Salix lapponum,NA
Salix lapponum 44-lap (E),Salix lapponum,NA
Salix lapponum 45-lap (E),Salix lapponum,NA
Salix lapponum 46-lap (E),Salix lapponum,NA
Salix lapponum 47-lap (E),Salix lapponum,NA
Salix lapponum 48-lap (E),Salix lapponum,NA
Salix lapponum 50-lap (E),Salix lapponum,NA
Salix lapponum 51-lap (E),Salix lapponum,NA
Salix lapponum 6-lap (E),Salix lapponum,NA
Salix lapponum 62-lap (E),Salix lapponum,NA
Salix lapponum 63-lap (E),Salix lapponum,NA
Salix lapponum 67-lap (E),Salix lapponum,NA
Salix lapponum 72-lap (E),Salix lapponum,NA
Salix lapponum 73-lap (E),Salix lapponum,NA
Salix lapponum 8-lap (E),Salix lapponum,NA
Salix lapponum 9-lap (E),Salix lapponum,NA
Salix lapponum 93-lap (E),Salix lapponum,NA
Salix lapponum 96-lap (E),Salix lapponum,NA
Salix lapponum 97-lap (E),Salix lapponum,NA
Salix lucida subsp. lucida,Salix lucida,NA
Salix myrsinifolia 121-myrf (E),Salix myrsinifolia,NA
Salix myrsinifolia 122-myrf (E),Salix myrsinifolia,NA
Salix myrsinites 108-myrs (E),Salix myrsinites,NA
Salix myrsinites 109-myrs (E),Salix myrsinites,NA
Salix myrsinites 124-myrs (E),Salix myrsinites,NA
Salix myrsinites 83-myrs (E),Salix myrsinites,NA
Salix myrsinites 85-myrs (E),Salix myrsinites,NA
Salix myrsinites 89-myrs (E),Salix myrsinites,NA
Salix myrsinites 90-1-myrs (E),Salix myrsinites,NA
Salix myrsinites 90-2-myrs (E),Salix myrsinites,NA
Salix reticulata 37-1-ret (E),Salix reticulata,NA
Salix reticulata 37-2-ret (E),Salix reticulata,NA
Salix reticulata 37-3-ret (E),Salix reticulata,NA
Salix reticulata 39-1-ret (E),Salix reticulata,NA
Salix reticulata 39-2-ret (E),Salix reticulata,NA
Salix x punctata 49-x-pun (E),Salix,NA
salt-tolerance plant,Viridiplantae,NA
Salvadora sp.,Salvadora,NA
Salvia korolkovii Regel Schmalh.,Salvia korolkovii,NA
Salvia miltiorrhiza Bunge,Salvia miltiorrhiza,NA
Salvia sp.,Salvia,NA
Salvia splendens Ker-Gawler,Salvia splendens,NA
Salvinia molesta (giant salvinia),Salvinia molesta,NA
Sambucus ebulus L.,Sambucus ebulus,NA
Sample Collector,NA,NA
sand,NA,NA
sand bluestem grass,Andropogon hallii,NA
"sand soil, basidiomes",NA,NA
Sandalwood,Santalum,NA
sandalwood (Santalum album),Santalum album,NA
sandcoast,NA,NA
sandstone,NA,NA
Sanionia uncinata from Arctic,Sanionia uncinata,NA
sanqi,Panax notoginseng,NA
Sanqi (Panax notoginseng),Panax notoginseng,NA
Sanqi(Panax notoginseng),Panax notoginseng,NA
Sansevieria sp.,Sansevieria,NA
sansevieriae,Dracaena,NA
Sapodilla/Sapota,Manilkara zapota,NA
Saponaria pumila Janchen,Saponaria pumila,NA
saprotroph,NA,NA
Saraca sp.,Saraca,NA
Sarcococca sp.,Sarcococca,NA
Sargassum cf. muticum,Sargassum,NA
Sargassum thunbergii (seaweed),Sargassum thunbergii,NA
Sarocococca hookeriana,Sarocococca hookeriana,NA
Sasa sp.,Sasa,NA
sassafrass,Sassafras albidum,NA
Satureja sp.,Satureja,NA
Sausage,NA,NA
Saussurea obvallata (DC.) Edgew. (Brahma Kamal),Saussurea obvallata,NA
scale insect,Coccoidea,NA
Scale insect,Coccoidea,NA
scale insects (Diaspididae),Diaspididae,NA
Scalloped hammerhead sharks,Sphyrna lewini,NA
Scapanes australis,Scapanes australis,NA
Scaptocoris carvalhoi,Scaptocoris carvalhoi,NA
scarab,Scarabaeidae,NA
Scarabaeidae larva,Scarabaeidae,NA
Scarabeidae larva,Scarabeidae,NA
Scatophaga stercoraria (Diptera),Scathophaga stercoraria,NA
Schinus terebinthifolius,Schinus terebinthifolia,NA
Schisandra chinensis (Turcz.) Bail.,Schisandra chinensis,NA
Schistocerca picefrons picefrons,Schistocerca picefrons,NA
Schizonycha affinis beetle,Schizonycha affinis,NA
Schizotheca serratimargo,Schizotheca serratimargo,NA
Schoenocrambe linifolia (Nutt.) Greene,Schoenocrambe linifolia,NA
scid mouse,Mus musculus,NA
Scleractinia sp. (coral),Scleractinia,NA
Scleria sp.,Scleria,NA
Scobicia declivis,Scobicia,NA
Scobicia sp.,Scobicia,NA
Scolytus ratzeburgi on Betula pendula,Betula pendula,NA
Scopalina sp.,Scopalina,NA
Scyphocalyx,NA,NA
Scyphophorus acupunctatus (Coleoptera: Curculionidae),Scyphophorus acupunctatus,NA
sea turtle,Chelonioidea,NA
seabear,NA,NA
seabuckthorn,Hippophae rhamnoides,NA
seagrass,Alismatales,NA
Seawater,NA,NA
seaweed,NA,NA
Secernentea sp.,Secernentea,NA
Sechium edule (squash),Sechium edule,NA
sediment,NA,NA
Sediments,NA,NA
Seed,Viridiplantae,NA
seed,Viridiplantae,NA
seed Brosimun alicastrum,Brosimum alicastrum,NA
seed coat Brosimun alicastrum,Brosimum alicastrum,NA
seed of wheat,Triticum,NA
seed wheat,Triticum,NA
seed-melon,Cucumis melo,NA
Seedlings of Phaseolus vulgaris,Phaseolus vulgaris,NA
seeds,Viridiplantae,NA
seeds of Avicennia marina,Avicennia marina,NA
Seeds of Ficus beddomei,Ficus beddomei,NA
Seeds of Ficus beddomei and Ficus callosa,Ficus,NA
Seeds of Ficus callosa,Ficus callosa,NA
Seeds of Iris foetidissima stored in house after 30 days from collection.,Iris foetidissima,NA
Seeds of Luffa acutangula,Luffa acutangula,NA
seeds of muskmelon,Cucumis melo,NA
Seeds of Picea engelmannii x glauca,Picea engelmannii,NA
Seeds of Pseudotsuga menziesii var. glauca,Pseudotsuga menziesii,NA
Seeds of Pseudotsuga menziesii var. menziesii,Pseudotsuga menziesii,NA
Seeds of Santa claus cantaloupe,Cucumis melo,NA
Selinum vaginatum Root,Selinum vaginatum,NA
Semiarundinaria yoshi-matsumurae,Semiarundinaria yoshi-matsumurae,NA
Senecio arenarius Thunb.,Senecio arenarius,NA
Senecio gallicus Vill.,Senecio gallicus,NA
Senecio inaequidens DC.,Senecio inaequidens,NA
Senecio niveus (Thunb.) Willd.,Senecio niveus,NA
Senecio rodriguezii Willk. ex Rodrig.,Senecio rodriguezii,NA
Senecio vulgaris L.,Senecio vulgaris,NA
Senna alata (L.) Roxb.,Senna alata,NA
Sericesthis micans,Sericesthis micans,NA
Sericomyrmex sp. 2,Sericomyrmex,NA
Serkan Kecili,NA,NA
Sesamia inferens; adult,Sesamia inferens,NA
Setaria,Setaria,NA
Setaria sp.,Setaria,NA
Sharbo,NA,NA
shark,Elasmobranchii,NA
Sheep (Clun Forest),Ovis aries,NA
Sheep Dung,NA,NA
Sheep feces,NA,NA
sheep grass,Leymus chinensis,NA
Sheep Rumen digesta,NA,NA
sheepgrass,Leymus chinensis,NA
shellfish,NA,NA
Sheperdea argentea,Shepherdia argentea,NA
Shisham (Dalbergia sissoo Roxb.),Dalbergia sissoo,NA
shoot borer,Coleoptera,NA
shorgum,Sorghum bicolor,NA
shrimp,Decapoda,NA
shrub,Tracheophyta,NA
Shrub,Tracheophyta,NA
shrubs,Tracheophyta,NA
Siam weed,Chromolaena odorata,NA
sicklepod,Senna obtusifolia,NA
Sicyos sp.,Sicyos,NA
Sida carpinifloria,Sida carpinifolia,NA
Silene acaulis bernoulli,Silene acaulis,NA
Silene caroliniana ssp. caroliniana,Silene caroliniana,NA
Silene caroliniana ssp. pensylvanica,Silene caroliniana,NA
Silene caroliniana ssp. wherryi,Silene caroliniana,NA
Silene caroliniana subsp. pennsylvanica,Silene caroliniana,NA
Silene dioica (L.) Clairv.,Silene dioica,NA
Silene latifolia Poir. ssp. alba (Mill.) Greuter & Burdet,Silene latifolia,NA
Silene latifolia ssp. alba,Silene latifolia,NA
Silene latifolia subsp. albaIsolate,Silene latifolia,NA
Silene latiofolia,Silene latifolia,NA
Silene lemonii,Silene,NA
Silene otites (L.) Wibel,Silene otites,NA
Silene ottites,Silene otites,NA
Silene saxifraga L.,Silene saxifraga,NA
Silene uniflora A. Roth,Silene uniflora,NA
Silene uniflora Roth,Silene uniflora,NA
Silene virginica Svi1,Silene virginica,NA
Silene viscosa (L.) Pers.,Silene viscosa,NA
Silene vulgaris (Moench) Garcke,Silene vulgaris,NA
Silene vulgaris var. prostrata,Silene vulgaris,NA
silkmoth,Bombycidae,NA
silktree,Albizia julibrissin,NA
silkworm larvae,Bombyx mori,NA
"silkworm, Bombyx mori",Bombyx mori,NA
silkworm; larva,Bombyx mori,NA
Silky Bent Grass (Apera spica-venti (L.) Beauv.),Apera spica-venti,NA
silver birch,Betula pendula,NA
Silybum marianum (L.) Gaertn,Silybum marianum,NA
Simaruba,Simarouba,NA
simaruba,Simarouba,NA
Simira sp. Aubl.,Simira,NA
simsim,Sesamum indicum,NA
Singhiella cardamomi,Singhiella cardamomi,NA
"Single, or scattered under Carpinus londoniana var. lanceolata (Hand.-Mazz.) P.C.Li",Carpinus londoniana,NA
"Single, or scattered under Carpinus londoniana var. lanceolata (Hand.-Mazz.) P.C.Li in tropical Rainforest",Carpinus londoniana,NA
"Single, or scattered under Carpinus londoniana var. lanceolata (Hand.-Mazz.) P.C.Li in tropical Rainforest.",Carpinus londoniana,NA
Siparuna sp.,Siparuna,NA
Siteroptes avenae,Siteroptes avenae,NA
Sitophilus zeamais;Prostephanus truncatus,Sitophilus zeamais,NA
Skin,NA,NA
skin of a burn patient with diabetes mellitus,Homo sapiens,NA
Skin of a person working in a carpentry shop,Homo sapiens,NA
Skin of a person working in a grain grinding shop,Homo sapiens,NA
Skin of a person working in a poultry shop,Homo sapiens,NA
Skin of a person working in an Outlet for raising and selling sheep and goats,Homo sapiens,NA
Skin of a person working in Sakaka slaughterhouse,Homo sapiens,NA
skin of psoriasis patient,Homo sapiens,NA
Skin scraping from dogs,Canis lupus familiaris,NA
Skipper larva,Lepidoptera,NA
slug,Gastropoda,NA
Slurry,NA,NA
small black ant,Formicidae,NA
Small cardamom,Elettaria cardamomum,NA
Small cardamom (Elettaria cardamomum),Elettaria cardamomum,NA
Smilax pygmaea,Smilax pygmaea,NA
Smilax sp.,Smilax,NA
Smooth flat seville,Citrus aurantium,NA
snake,Serpentes,NA
Snake,Serpentes,NA
snakegourd,Trichosanthes cucumerina,NA
Snout beetle,Curculionidae,NA
snout beetle,Curculionidae,NA
soft coral,Alcyonacea,NA
soil,NA,NA
Soil,NA,NA
SOIL,NA,NA
Soil (Cunninghamia lanceolata plantation),NA,NA
Soil (Eucalyptus plantation),NA,NA
soil (humus),NA,NA
Soil (Pinus massoniana plantation),NA,NA
soil and leaf litter,NA,NA
soil and leaf litter under Conifer forest,Pinopsida,NA
Soil and mosses,NA,NA
Soil and rocks,NA,NA
soil associated with Acacia auriculiformis,NA,NA
soil associated with Acacia hybrid,NA,NA
soil associated with Acacia mangium,NA,NA
soil associated with Alnus nepalensis,NA,NA
soil associated with Camellia sp.,NA,NA
soil associated with Castanea sp.,NA,NA
soil associated with Cinnamomum cassia,NA,NA
soil associated with Eucalyptus hybrid,NA,NA
soil associated with Eucalyptus sp.,NA,NA
soil associated with Eucalyptus urophylla,NA,NA
soil associated with Hevea brasiliensis,NA,NA
soil associated with Pinus sp.,NA,NA
soil at a Cunninghamia lanceolata plantation,Cunninghamia lanceolata,NA
soil cantaloupe field,NA,NA
soil contaminated by PAH,NA,NA
soil from burned forest,NA,NA
Soil from Mangifera orchard,NA,NA
"Soil from Second Industrial City, Dammam, Saudi Arabia",NA,NA
soil from Ulleung-do,NA,NA
soil in natural forest,NA,NA
soil mite,Acari,NA
"soil near rotting wood in mixed woods under Fagus, Quercus, and Pinus",NA,NA
soil nematode,Nematoda,NA
soil of Chinese cabbage root,NA,NA
soil of planted grape,NA,NA
soil of planted wax apple,NA,NA
Soil of wheat,Triticum,NA
Soil organic matter,NA,NA
Soil sample,NA,NA
Soil sample baited with Galleria mellonella (Lepidoptera: Pyralidae),NA,NA
Soil under Deschampsia antarctica,NA,NA
Soil under Dipterocarpus tree,NA,NA
soil under Dipterocarpus Tree,NA,NA
soil under mixed forest,NA,NA
Soil under Thuja occidentalis,NA,NA
soil-inhabiting mite,Acari,NA
"Soil, among mosses, probably associated with roots",NA,NA
"Soil, Decayed wood",NA,NA
"Soil, Tree trunk",NA,NA
Soil/debris,NA,NA
Solanum aethiopicum group Gilo,Solanum aethiopicum,NA
Solanum distichum,Solanum,NA
Solanum hyporhodium; cv. ECU-13236,Solanum hyporhodium,NA
Solanum lycopersicum L,Solanum lycopersicum,NA
Solanum lycopersicum L.,Solanum lycopersicum,NA
Solanum lycopersicum L. cultivar Ellen,Solanum lycopersicum,NA
Solanum lycopersicum L. var. lycopersicum,Solanum lycopersicum,NA
Solanum lycopersicum var. Ikram,Solanum lycopersicum,NA
Solanum melongena (yellowing leaves),Solanum melongena,NA
Solanum melongena L.,Solanum melongena,NA
Solanum quitoense x Solanum sessiliflorum,Solanum,NA
Solanum quitoense x Solanum sessiliflorum hybrid,Solanum,NA
Solanum tuberosum 'Kennebec',Solanum tuberosum,NA
Solanum tuberosum 'Purple Majesty',Solanum tuberosum,NA
Solanum tuberosum cv. Agata,Solanum tuberosum,NA
Solanum tuberosum cv. Alpha mejorada,Solanum tuberosum,NA
Solanum tuberosum cv. Atlantic,Solanum tuberosum,NA
Solanum tuberosum cv. Fianna,Solanum tuberosum,NA
Solanum tuberosum cv. FL1867,Solanum tuberosum,NA
Solanum tuberosum cv. FL1868,Solanum tuberosum,NA
Solanum tuberosum cv. Pukhraj,Solanum tuberosum,NA
Solanum tuberosum L.,Solanum tuberosum,NA
Solanum tuberosum L. var Jyoti,Solanum tuberosum,NA
Solanum tuberosum L. var Pukhraj,Solanum tuberosum,NA
Solanum tuberosum var. Chandramukhi,Solanum tuberosum,NA
Solanum tuberosum var. Jyoti,Solanum tuberosum,NA
Solanum tuberosum var. Pukhraj,Solanum tuberosum,NA
Solanum tuberosum; cultivar: Kavkaz,Solanum tuberosum,NA
Solanum virginianum (eggplant),Solanum virginianum,NA
Solatum tuberosum L.,Solatum tuberosum,NA
Solenopsis cf. geminata,Solenopsis,NA
Solenopsis geminata X S. xyloni hybrid,Solenopsis,NA
Solenopsis sp.,Solenopsis,NA
Solo em cultivo com pimentao,NA,NA
solo em cultivo com quiabo,Abelmoschus esculentus,NA
solo em cultivo de feijao,Phaseolus vulgaris,NA
sopata,Manilkara zapota,NA
Sophora japonica L.,Sophora japonica,NA
Sophora japonica Linn,Sophora japonica,NA
Sophora sp.,Sophora,NA
Sophora tonkinensis Gagnep.,Sophora tonkinensis,NA
Sorbus aria 'Lutescens',Sorbus aria,NA
Sorbus commixta Hedl.,Sorbus commixta,NA
Sorghum bicolor #10 SR-RIBKA (SB57),Sorghum bicolor,NA
Sorghum bicolor #7 SR-RIBKA (SB54),Sorghum bicolor,NA
Sorghum bicolor #8 SR-RIBKA (SB55),Sorghum bicolor,NA
Sorghum bicolor #9 SR-RIBKA (SB56),Sorghum bicolor,NA
Sorghum bicolor B35 (SB19),Sorghum bicolor,NA
Sorghum bicolor Birhan (SB15),Sorghum bicolor,NA
Sorghum bicolor ETSL 100307 (SB36),Sorghum bicolor,NA
Sorghum bicolor ETSL 101862 (SB4),Sorghum bicolor,NA
Sorghum bicolor ETSL 101866 (SB9),Sorghum bicolor,NA
Sorghum bicolor ETWS 90754 (SB39),Sorghum bicolor,NA
Sorghum bicolor IESV 23005DL (SB43),Sorghum bicolor,NA
Sorghum bicolor L. Moench,Sorghum bicolor,NA
Sorghum bicolor L. Moench (sorghum),Sorghum bicolor,NA
Sorghum bicolor Macia (SB25),Sorghum bicolor,NA
Sorghum bicolor Meko (SB20),Sorghum bicolor,NA
Sorghum bicolor Melkam (SB22),Sorghum bicolor,NA
Sorghum bicolor P9501B (SB34),Sorghum bicolor,NA
southern langsat,Lansium parasiticum,NA
soya,Glycine max,NA
Soyabean,Glycine max,NA
Soybaen,Glycine max,NA
soybean (Conquista),Glycine max,NA
soybean (Glycine max),Glycine max,NA
soybean (M-Soy 6101),Glycine max,NA
soybean cv. FT-108,Glycine max,NA
soybean cv. Garca branca,Glycine max,NA
soybean cv. Sambaiba,Glycine max,NA
Soybean cv. Tracaja,Glycine max,NA
soybean cv. Xingu,Glycine max,NA
Soybean for Meju,Glycine max,NA
soybean hulls,Glycine max,NA
Soybean leaves,Glycine max,NA
soybean plant,Glycine max,NA
Soybean pods,Glycine max,NA
Soybean root,Glycine max,NA
Soybean Seed,Glycine max,NA
Soybean stems,Glycine max,NA
soybean unknown variety,Glycine max,NA
soybean with root rot,Glycine max,NA
"Soybean, unknown variety",Glycine max,NA
soybean; Conquista (MG/BR46),Glycine max,NA
soybean; cultivar: Asgrow 4232,Glycine max,NA
soybean; dewas,Glycine max,NA
soybean; FMT Tucunare,Glycine max,NA
soybean; seedling,Glycine max,NA
soybean; Vencedora (BRSMG 68),Glycine max,NA
soybeen,Glycine max,NA
sp.,NA,NA
Spain,NA,NA
Sparassis crispa (edible mushroom),Sparassis crispa,NA
Spartina sp.,Spartina,NA
Spartium junceum L.,Spartium junceum,NA
specific-pathogen-free mice,Mus musculus,NA
Sphingidae; adult moth,Sphingidae,NA
Sphyma lewini,Sphyrna lewini,NA
sphynx cat,Felis catus,NA
spices,NA,NA
spider,Araneae,NA
Spider,Araneae,NA
spider (Araneidae),Araneidae,NA
spider lilly,Amaryllidaceae,NA
Spider lilly,Amaryllidaceae,NA
spider lily,Amaryllidaceae,NA
"spider, Arachnida",Araneae,NA
"Spider, Arachnida",Araneae,NA
"Spider, Hymenoptera",NA,NA
Spine gourd,Momordica dioica,NA
Spodiopogon sibiribus,Spodiopogon sibiricus,NA
Spodoptera exempta (African armyworm),Spodoptera exempta,NA
Spodoptera frugiperda (larva),Spodoptera frugiperda,NA
Spodoptera; dev_stage: larvae,Spodoptera,NA
Spondias mombin (Anacardiaceae),Spondias mombin,NA
Spondias sp.,Spondias,NA
sponge,Porifera,NA
sponge sample,Porifera,NA
Spore,NA,NA
Sporobolus sp.,Sporobolus,NA
spotted pod borer,Maruca vitrata,NA
spring barley,Hordeum vulgare,NA
spring wheat,Triticum aestivum,NA
spruce,Picea,NA
Spruce,Picea,NA
Spruce and fir,Pinaceae,NA
spruce bark,Picea,NA
spruce forest soil,Picea,NA
Spruce sp.,Picea,NA
Spruce timber 1992,Picea,NA
spruce tree,Picea,NA
squash,Cucurbita,NA
squirrel,Sciuridae,NA
Squirrel,Sciuridae,NA
St Augustine grass,Stenotaphrum secundatum,NA
St. Augustine grass,Stenotaphrum secundatum,NA
St. Augustine grass 'Raleigh',Stenotaphrum secundatum,NA
St. Emilion x Seibel 4986 'Vidal blanc',Vitis,NA
Staphilodea,NA,NA
Staphyleatrifolia,Staphylea trifolia,NA
star anise,Illicium verum,NA
star fruit,Averrhoa carambola,NA
Stelae,NA,NA
Stellaria holostea L.,Stellaria holostea,NA
Stellera chamaejasme L.,Stellera chamaejasme,NA
stem,NA,NA
STEM,NA,NA
stem borer,Insecta,NA
Stem of Malus pumila var. dulcissima,Malus domestica,NA
"stem, Asparagus officinalis",Asparagus officinalis,NA
stems of cherry trees,Prunus,NA
Stenoma cecropia,Stenoma cecropia,NA
Stenoma cecropia Meyrick (Lepidoptera: Elachistidae),Stenoma cecropia,NA
Stenomimus pallidus; adult,Stenomimus pallidus,NA
sterile,NA,NA
Stilbohypoxylon moelleri,Stilbohypoxylon moelleri,NA
Stilbohypoxylon moelleri on palm,Stilbohypoxylon moelleri,NA
Stink bug,Pentatomidae,NA
stinkbug,Pentatomidae,NA
Stinkbug,Pentatomidae,NA
Stipa leucotrica,Stipa leucotrica,NA
stock,NA,NA
Stomach of wistar rat,Rattus,NA
Stone,NA,NA
stonefruit,Prunus,NA
stones,NA,NA
stork,Ciconiidae,NA
Straw-colored bat,Eidolon helvum,NA
strawberries,Fragaria,NA
strawberry (Fragaria x ananassa Duch.),Fragaria,NA
strawberry cv. Camarosa,Fragaria,NA
strawberry cv. Camorosa,Fragaria,NA
strawberry cv. Festival,Fragaria,NA
strawberry cv. Sabrina,Fragaria,NA
strawberry cv. Sweet Charlie,Fragaria,NA
Strawberry fruit,Fragaria,NA
Strawberry leaves,Fragaria,NA
strawberry plant,Fragaria,NA
Strawberry plants,Fragaria,NA
strawbery,Fragaria,NA
Strawvery,Fragaria,NA
"Streblidae sp. (Diptera, Hippoboscoidea)",Streblidae,NA
Stresythia,NA,NA
Striga hermonthica Asosa,Striga hermonthica,NA
Striga hermonthica Teshale,Striga hermonthica,NA
Stroma,Viridiplantae,NA
Stroma of Diatrype sp.,Diatrype,NA
stump of Picea,Picea,NA
stumps,NA,NA
Stylidium sp.,Stylidium,NA
Stylosanthes sp.,Stylosanthes,NA
Suaeda maritima (L.) Dumort.,Suaeda maritima,NA
Suaeda pruinosa Lange,Suaeda pruinosa,NA
Subabul,Leucaena leucocephala,NA
Subergorgia suberosa (gorgonian),Subergorgia suberosa,NA
Subintonra,NA,NA
Submerged decaying bamboo,NA,NA
Submerged decaying wood,NA,NA
submerged decaying wood,NA,NA
submerged wood,NA,NA
Substrate unknown,NA,NA
sudangrass,Sorghum bicolor,NA
sufu,Glycine max,NA
sugar,NA,NA
Sugar beet leaf,Beta vulgaris,NA
Sugar beet plant,Beta vulgaris,NA
Sugar beet root,Beta vulgaris,NA
sugar beet seedling,Beta vulgaris,NA
sugar caine,Saccharum officinarum,NA
sugar cane,Saccharum,NA
Sugar cane rhizosphere,NA,NA
sugarbeat,Beta vulgaris,NA
sugarbeet,Beta vulgaris,NA
SugarBeet,Beta vulgaris,NA
Sugarbeet,Beta vulgaris,NA
Sugarcane,Saccharum,NA
sugarcane,Saccharum,NA
sugarcane cultivar IMI-1,Saccharum,NA
sugarcane cultivar SP80-1842,Saccharum,NA
sugarcane leaf endophyte,Saccharum,NA
sugarcane white grub,Scarabaeidae,NA
sugarcane; cultivar Co 86032,Saccharum,NA
sugarcane; cultivar CoM 0265,Saccharum,NA
suger beet,Beta vulgaris,NA
sugercane,Saccharum,NA
Sugercane,Saccharum,NA
sumac,Rhus,NA
sunflower,Helianthus annuus,NA
Sunn pest,Eurygaster integriceps,NA
surface of decaying log,NA,NA
surface of Schizophyllum commune,Schizophyllum commune,NA
SVPRT,NA,NA
swan,Anatidae,NA
Swedish ivy,Plectranthus verticillatus,NA
Sweet pepper (Capsicum annuum L.),Capsicum annuum,NA
Sweetpotato,Ipomoea batatas,NA
sweetpotato,Ipomoea batatas,NA
Swisschard,Beta vulgaris,NA
switch grass,Panicum virgatum,NA
SYLV01F,NA,NA
SYLV01R,NA,NA
SYLV02F,NA,NA
SYLV02R,NA,NA
SYLV03F,NA,NA
SYLV03R,NA,NA
SYLV04R,NA,NA
SYLV05R,NA,NA
SYLV06F,NA,NA
SYLV06R,NA,NA
Sympiezomias citri Chao (Coleoptera: Curculionidae),Sympiezomias citri,NA
Syntrichia ruralis var. ruralis,Syntrichia ruralis,NA
Syzygium densifolium,Syzygium,NA
Syzygiumaromaticum,Syzygium aromaticum,NA
T. aestivum,Triticum aestivum,NA
T. aethiopicum,Triticum aethiopicum,NA
T. boeticum,Triticum boeoticum,NA
T. durum,Triticum durum,NA
T. monococcum,Triticum monococcum,NA
T. occidentalis 'Malonyana',Thuja occidentalis,NA
T. occidentalis 'Smaragd',Thuja occidentalis,NA
T. petropavlovsky,Triticum petropavlovskyi,NA
T. polonicum,Triticum polonicum,NA
T. spaerococcum,Triticum sphaerococcum,NA
T. spelta,Triticum spelta,NA
T. wallichiana,Taxus wallichiana,NA
T.dicoccoides,Triticum dicoccoides,NA
T.dicoccum,Triticum dicoccum,NA
T.vavilovii,Triticum,NA
Tabasco,NA,NA
Tachycixius pilosus (Cixiidae),Tachycixius pilosus,NA
Taeniophyllum marianense,Taeniophyllum,NA
Taining Cliff Dendrobium officinale,Dendrobium officinale,NA
Taiwan jujube,Ziziphus mauritiana,NA
Takecallis taiwana (bamboo aphid),Takecallis taiwana,NA
Talitrus sp.,Talitrus,NA
Talorchestia deshayesei,Talorchestia,NA
Tamato,Solanum lycopersicum,NA
tank,NA,NA
tar spot stroma on maize leaf,NA,NA
Taraxacum officinale F.H.Wigg.,Taraxacum officinale,NA
Tardigrade,Tardigrada,NA
taubunuco,Dacryodes excelsa,NA
Taxus chinensis (Pilg.) Rehd (Chinese yew),Taxus chinensis,NA
tea,Camellia sinensis,NA
Tea,Camellia sinensis,NA
TEA,Camellia sinensis,NA
Tea leaf,Camellia sinensis,NA
Tea Mosquito bug,Helopeltis,NA
Tea plant,Camellia sinensis,NA
tea plant,Camellia sinensis,NA
Tea soil,Camellia sinensis,NA
teak,Tectona grandis,NA
Tecoma stans (Bignoniaceae),Tecoma stans,NA
Temnoschoita nigroplagiata,Temnoschoita nigroplagiata,NA
temple,NA,NA
Tenebrionidae larva (Coleoptera) in decaying wood,Tenebrionidae,NA
Tenebrionidae larva (Coleoptera) in humus layer,Tenebrionidae,NA
Tenebrionidae larva (Coleoptera) on the ground in a bamboo forest,Tenebrionidae,NA
Terminalia chibula,Terminalia chebula,NA
Terminalia sp.,Terminalia,NA
termite,Isoptera,NA
Termite,Isoptera,NA
termite (Isoptera),Isoptera,NA
Termite faeces,NA,NA
Termite fungus garden,NA,NA
Termite gut,Isoptera,NA
Termite Gut,Isoptera,NA
Termite mound,NA,NA
Termite nest,NA,NA
Termite worker,Isoptera,NA
Termitidae(adult termite),Isoptera,NA
Terrain,NA,NA
Tetraena alba (L.f.) Beier & Thulin,Tetraena alba,NA
Tetranychus sp. (bean spider mite),Tetranychus,NA
Tetranychus urticae (Prostigmata: Tetranychidae),Tetranychus urticae,NA
Tetrapterys sp.,Tetrapterys,NA
textile,NA,NA
Thailand,NA,NA
Thaumastocoris sp.,Thaumastocoris,NA
"Thaumatopoea pityocampa, larva",Thaumatopoea pityocampa,NA
Thaumetopoea pityocampa (Schiff.),Thaumetopoea pityocampa,NA
the ash tree wall,NA,NA
the base of living Osmanthus,Osmanthus,NA
The edible mushroom Agaricus bisporus,Agaricus bisporus,NA
the Hypericum perforatum,Hypericum perforatum,NA
the litter by the road,NA,NA
the marine brown alga Sargassum sp.,Sargassum,NA
the marine red alga Gracilaria verrucosa,Gracilaria verrucosa,NA
the pathogen of plant,NA,NA
the plant,Viridiplantae,NA
The purple back arrowroot,Viridiplantae,NA
The Red Sea,NA,NA
the root of Avicennia marina (Forsk.) Vierh,Avicennia marina,NA
the sporocarp of Leccinum holopus (Rostk.) Watl.,Leccinum holopus,NA
Theobroma cacao pod,Theobroma cacao,NA
Theobroma grandifolium,Theobroma grandifolium,NA
Theobroma sp.,Theobroma,NA
Theobroma speciosa,Theobroma speciosa,NA
TheobromacacaoL.,Theobroma cacao,NA
Theobromae cacao,Theobromae cacao,NA
Theonella swinhoei (marine sponge),Theonella swinhoei,NA
Thinopyrum intermedium x Elymus repens,Poaceae,NA
Thinopyrum sp.,Thinopyrum,NA
thistle,Asteraceae,NA
Thrips calcaratus,Thrips calcaratus,NA
Thuja sp.,Thuja,NA
Thymelaea hirsuta (L.) Endl.,Thymelaea hirsuta,NA
Thymus ?citriodorus,Thymus,NA
Thymus mongolicus Ronn,Thymus mongolicus,NA
Thymus polytrichus subsp. britannicus,Thymus polytrichus,NA
Thymus pulegioides (TUB 19541),Thymus pulegioides,NA
Thymus sp.,Thymus,NA
Thymus vulgaris L.,Thymus vulgaris,NA
Thymus zigys sbs.p gracilis,Thymus zygis,NA
Tibicen sp.,Tibicen,NA
Tibouchina sp.,Tibouchina,NA
Tibraca limbativentris (Hemiptera: Pentatomidae),Tibraca limbativentris,NA
tick,Ixodida,NA
Tilia americana (voucher BPI 879244),Tilia americana,NA
Tilia cordata L.,Tilia cordata,NA
Tiliacora sp.,Tiliacora,NA
Tillandsia tenuifolia (bronze tip),Tillandsia tenuifolia,NA
timber,NA,NA
Tipulid,Tipulidae,NA
tissue culture from sporophore (whitw form) on Populus balsamifera,NA,NA
tissue culture from sporophore on Picea glauca,NA,NA
"tissue culture from sporophore on Picea sitchensis, Sitka Spruce Forest",NA,NA
tissue culture from sporophore on Tsuga heterophylla,NA,NA
Tissue culture lantlet cv. Poovan,Musa,NA
tissue cultures from young sporophore on Betula occidentalis,NA,NA
tobacco leaves,Nicotiana tabacum,NA
tobacco seed,Nicotiana tabacum,NA
Tomata,Solanum lycopersicum,NA
Tomate,Solanum lycopersicum,NA
Tomato -Stem,Solanum lycopersicum,NA
Tomato (Solanum lycopersicum L.),Solanum lycopersicum,NA
Tomato (Solanum lycopersicum),Solanum lycopersicum,NA
TOMATO (Solanum lycopersicum),Solanum lycopersicum,NA
tomato (Solanum lycopersicum) cultivar Money Maker Cf-0,Solanum lycopersicum,NA
tomato cv. Abhinav,Solanum lycopersicum,NA
tomato cv. Betterboy,Solanum lycopersicum,NA
tomato cv. Big Dena,Solanum lycopersicum,NA
tomato cv. Brandy Boy,Solanum lycopersicum,NA
tomato cv. Fedrick,Solanum lycopersicum,NA
tomato cv. Florida,Solanum lycopersicum,NA
tomato cv. Geronimo,Solanum lycopersicum,NA
tomato cv. Margureti,Solanum lycopersicum,NA
tomato cv. Muchoo,Solanum lycopersicum,NA
tomato cv. Primo,Solanum lycopersicum,NA
tomato cv. Sungold,Solanum lycopersicum,NA
tomato cv. Taymyr,Solanum lycopersicum,NA
tomato cv. Trollis,Solanum lycopersicum,NA
tomato cv. Trust,Solanum lycopersicum,NA
Tomato fruit,Solanum lycopersicum,NA
tomato fruit,Solanum lycopersicum,NA
Tomato fruits,Solanum lycopersicum,NA
Tomato leaves,Solanum lycopersicum,NA
Tomato plant,Solanum lycopersicum,NA
tomato plant,Solanum lycopersicum,NA
Tomato Plant,Solanum lycopersicum,NA
Tomato plant var. Elpida,Solanum lycopersicum,NA
tomato plant with black mold disease,Solanum lycopersicum,NA
Tomato plants,Solanum lycopersicum,NA
tomato plants,Solanum lycopersicum,NA
Tomato plants Leaves,Solanum lycopersicum,NA
Tomato rhizosphere,Solanum lycopersicum,NA
tomato rhizosphere,Solanum lycopersicum,NA
Tomato root,Solanum lycopersicum,NA
Tomato Root,Solanum lycopersicum,NA
Tomato roots,Solanum lycopersicum,NA
Tomato- vascular tissue,Solanum lycopersicum,NA
"Tomato, Helicoverpa armigera",NA,NA
tomato; cultivar Vybhav TLB-182,Solanum lycopersicum,NA
Tomentella sp. and bark,Tomentella,NA
"Tomentella sp., bark",Tomentella,NA
Tomicus minor (beetle),Tomicus minor,NA
tommato,Solanum lycopersicum,NA
Tomto,Solanum lycopersicum,NA
toras,NA,NA
Torenia furnieri,Torenia fournieri,NA
Tortoise,Testudines,NA
tortoise beetle,Cassidinae,NA
Tortricoidea sp.,Tortricoidea,NA
Tortula cf. acaulon,Tortula,NA
Totato,Solanum lycopersicum,NA
Toumeyella parvicornis; dev_stage: adult; sex: female,Toumeyella parvicornis,NA
Toxoptera aurantii (Tea aphid),Tea aphid,NA
toy,NA,NA
Trachycarpus sp.,Trachycarpus,NA
Trachymyrmex cf. zeteki,Trachymyrmex,NA
Trachymyrmex septentrionalis fungus garden,Trachymyrmex septentrionalis,NA
Trachymyrmex sp.,Trachymyrmex,NA
Trachymyrmex sp. sensu lato,Trachymyrmex,NA
Tranzschelia pruni-spinosae (Pers.) Dietel on Anemone ranunculoides L.,Tranzschelia pruni-spinosae,NA
Trapdoor spider (Aranae),Aranae,NA
tree,Tracheophyta,NA
Tree Bark of Mangifera indica,Mangifera indica,NA
tree bean seed,Viridiplantae,NA
Tree fern,Cyatheales,NA
tree fern,Cyatheales,NA
tree of heaven,Ailanthus altissima,NA
tree peony (Paeonia sect. Moutan),Paeonia,NA
Tree sp.,Tracheophyta,NA
Tree stem,Tracheophyta,NA
tree stem,Tracheophyta,NA
Tree trunk,Tracheophyta,NA
tree trunk,Tracheophyta,NA
Trema micrantha 'black',Trema micrantha,NA
Trema micrantha 'brown',Trema micrantha,NA
trembling aspen,Populus tremuloides,NA
Tribulus terrestris L.,Tribulus terrestris,NA
Trichachne,Digitaria,NA
Trichaptum pargamenum,Trichaptum pargamenum,NA
Trichia,Trichia,NA
Trichloris sp.,Trichloris,NA
"Trichobius dugesioides (Diptera, Hippoboscoidea, Streblidae)",Trichobius dugesioides,NA
"Trichobius joblingi (Diptera, Hippoboscoidea, Streblidae)",Trichobius joblingi,NA
"Trichobius joblingi Wenzel, 1966 (Diptera, Hippoboscoidea, Streblidae)",Trichobius joblingi,NA
"Trichobius parasiticus (Diptera, Hippoboscoidea, Streblidae)",Trichobius parasiticus,NA
Tricholoma cf. ustale,Tricholoma,NA
Trichosanthes cucumerina (Snake Tomato),Trichosanthes cucumerina,NA
Tricinctum,NA,NA
Tricosecale,Triticosecale,NA
Tridax procumbens L.,Tridax procumbens,NA
trifoliate orange rootstock,Poncirus trifoliata,NA
Trifolium alexandrinum L.(Berseem),Trifolium alexandrinum,NA
Trigo,NA,NA
Trigobalanus,Trigonobalanus,NA
Tripidium arundinaceum IK1035,Tripidium arundinaceum,NA
Triplaris melaenodendron (Polygonaceae),Triplaris melaenodendron,NA
Tripteris microcarpa subsp. microcarpa Harv.,Tripteris microcarpa,NA
Tripterygium wilfordii Hook,Tripterygium wilfordii,NA
Triteleia sp. (in: monocots),Triteleia,NA
Tritichum aestivum,Triticum aestivum,NA
Triticum aestivum cv. Bogatka,Triticum aestivum,NA
Triticum aestivum cv. Ningchun 4,Triticum aestivum,NA
Triticum aestivum cv. WH542,Triticum aestivum,NA
Triticum aestivum infected with Puccinia striiformis,Triticum aestivum,NA
Triticum aestivum infected with Puccinia triticina,Triticum aestivum,NA
Triticum aestivum L.,Triticum aestivum,NA
Triticum aestivum L. (wheat),Triticum aestivum,NA
Triticum aestivum L. (wheat); cultivar: Legenda,Triticum aestivum,NA
Triticum aestivum L. (wheat); cultivar: Rospuda,Triticum aestivum,NA
Triticum aestivum L. (wheat); cultivar: Rusalka,Triticum aestivum,NA
Triticum aestivum; wheat,Triticum aestivum,NA
Triticum and Agropyron species,Poaceae,NA
Triticum turgidum L. subsp. durum (Desf.) Husn,Triticum turgidum,NA
Triticum turgidum L. subsp. durum (Desf.) Husn.,Triticum turgidum,NA
Triticum turgidum var. durum,Triticum turgidum,NA
Triticumdurum,Triticum durum,NA
tropical woody plant,Tracheophyta,NA
truffle,Tuber,NA
Truffle,Tuber,NA
trunk,Tracheophyta,NA
trunk of Picea abies,Picea abies,NA
trunk of Pinus sylvestris,Pinus sylvestris,NA
Trypophloeus sp.,Trypophloeus,NA
Tsuga sp.,Tsuga,NA
Tsuga/Pinus,Pinaceae,NA
Ttiticum aestivum ssp. spelta L,Triticum aestivum,NA
tulip,Tulipa,NA
Tulsi,Ocimum tenuiflorum,NA
tulsi,Ocimum tenuiflorum,NA
Tunisia,NA,NA
turf,Poaceae,NA
Turf grass/ Panic grass (Zoysia spp.),Zoysia,NA
turfgrass,Poaceae,NA
turtle,Testudines,NA
Turtle,Testudines,NA
twig,Tracheophyta,NA
Twig,Tracheophyta,NA
twig debris,NA,NA
"twig of Ilex montana, associated with black destroyed ascomycetous fungi and Biatora sp.",Ilex montana,NA
twig of unknown tree,Tracheophyta,NA
Two spotted spider mite,Tetranychus urticae,NA
TWO SPOTTED SPIDER MITE,Tetranychus urticae,NA
Typha domingensis subsp. australis,Typha domingensis,NA
UDENAR,NA,NA
udo,Aralia cordata,NA
Ulmus americana (voucher BPI 879225),Ulmus americana,NA
Ulmus minor (voucher BPI 748432),Ulmus minor,NA
Ulmus minor (voucher BPI 748433),Ulmus minor,NA
Ulmus minor Mill.,Ulmus minor,NA
Ulmus sp.,Ulmus,NA
Umbilicaria proboscidea + phaea,Umbilicaria,NA
Unaspis citri on sweet orange (Citrus x aurantium),Unaspis,NA
undetermined,NA,NA
undetermined plant,Viridiplantae,NA
unidentifed plant,Viridiplantae,NA
unidentified arthropod,Arthropoda,NA
unidentified cicada,Cicadidae,NA
unidentified coleopteran,Coleoptera,NA
unidentified dipteran,Diptera,NA
unidentified insect,Insecta,NA
unidentified larva,Insecta,NA
unidentified moss,Bryophyta,NA
unidentified seaweed,NA,NA
"University of Kashmir, India",NA,NA
Unknow,NA,NA
unknow,NA,NA
unknown angiosperm,Magnoliophyta,NA
unknown beetle,Coleoptera,NA
unknown cereal,Poaceae,NA
unknown conifer,Pinopsida,NA
unknown creeper plant,Tracheophyta,NA
unknown deciduous host,Tracheophyta,NA
unknown drosophillid,Drosophilidae,NA
unknown grass,Poaceae,NA
unknown grass species,Poaceae,NA
unknown hardwood,Magnoliophyta,NA
unknown hardwood sp.,Magnoliophyta,NA
unknown herbaceous plant,Tracheophyta,NA
unknown host,NA,NA
unknown hybrid poplar clone,Populus,NA
unknown insect,Insecta,NA
unknown insect species (the Hemiptera),Hemiptera,NA
unknown larval host,Insecta,NA
unknown Lepidopteran larvae,Lepidoptera,NA
unknown liana,Tracheophyta,NA
unknown ornamental grass,Poaceae,NA
unknown panicoid grass,Panicoideae,NA
unknown plant species,Viridiplantae,NA
unknown poplar hybrid clone,Populus,NA
unknown shrub,Tracheophyta,NA
unknown shrubs,Tracheophyta,NA
unknown substrate,NA,NA
Unknown substrate,NA,NA
unknown tree,Tracheophyta,NA
Unknown tree,Tracheophyta,NA
unknown woody,Tracheophyta,NA
unknown woody plant,Tracheophyta,NA
unkown,NA,NA
Unkown,NA,NA
unsterilized vermicompost tomato,Solanum lycopersicum,NA
upland cotton,Gossypium hirsutum,NA
Urbanus proteus (long-tailed skipper caterpillar),Urbanus proteus,NA
urdbean,Vigna mungo,NA
Urdbean,Vigna mungo,NA
urine,NA,NA
Urocerus sp.,Urocerus,NA
Urochloa maxima var trichoglume,Urochloa maxima,NA
Urochloa maxima var. trichoglume,Urochloa maxima,NA
Urochloa sp.,Urochloa,NA
Uromyces pisi (DC.) G. H. Otth on Euphorbia cyparissias L.,Uromyces pisi,NA
Uropodina sp.,Uropodina,NA
Usnea longissima (lichen),Usnea longissima,NA
Uvaria valderramensis,Uvaria valderramensis,NA
V vinifera,Vitis vinifera,NA
V. vinifera,Vitis vinifera,NA
V.Jegathambigai,NA,NA
Vaccinium macrocarpon cv. Garwood Bells,Vaccinium macrocarpon,NA
Vaccinium macrocarpon cv. McFarlin,Vaccinium macrocarpon,NA
Vaccinium macrocarpon cv. Wilcox,Vaccinium macrocarpon,NA
Vaccinium meridionale - In-vitro,Vaccinium meridionale,NA
Vaccinium sp. cv. Jersey or cv. Berkeley,Vaccinium,NA
Vaccinum,Vaccinium,NA
Vachellia robusta ssp. robusta,Vachellia robusta,NA
Valeraniella cf. uncinata,Valerianella,NA
Vanilla planifolia (wild),Vanilla planifolia,NA
Vanilla planifolia Andrews,Vanilla planifolia,NA
Vanilla planifolia Jacks. ex Andrews,Vanilla planifolia,NA
vegetable,Viridiplantae,NA
vegetable plant,Viridiplantae,NA
vegetable/pea,NA,NA
vegetables and fruits,Viridiplantae,NA
Vegetal,Viridiplantae,NA
Verbena hortensis,Verbena,NA
Verbena sp.,Verbena,NA
Verbenaxhybrida,Glandularia,NA
Vernonia sp.,Vernonia,NA
vetch,Vicia,NA
Viburnum x bodnantense,Viburnum,NA
Vicia faba rhizosphere,Vicia faba,NA
Vidhara,Argyreia nervosa,NA
Vigna sp.,Vigna,NA
Vinca herbacea,Vinca herbacea,NA
Vinca pervinca,Vinca,NA
Vine tea,NA,NA
Vineyard,Vitis,NA
Vineyard soil,Vineyard,NA
Viola sp.,Viola,NA
violet,Viola,NA
Virgilia sp.,Virgilia,NA
Virola sp.,Virola,NA
Virola surinamensis (Myristicaceae),Virola surinamensis,NA
Vitis hybrid cultivar; variety Frontenac,Vitis,NA
Vitis hybrid cultivar; variety Frontenac Blanc,Vitis,NA
Vitis hybrid cultivar; variety La Crescent,Vitis,NA
Vitis hybrid cultivar; variety Marechal Foch,Vitis,NA
Vitis hybrid cultivar; variety Marquette,Vitis,NA
Vitis hybrid cultivar; variety MN1005,Vitis,NA
Vitis sp. '1103P-113F',Vitis,NA
Vitis sp. '1103P',Vitis,NA
Vitis sp. '196-17',Vitis,NA
Vitis sp. '99R-179F',Vitis,NA
Vitis sp. '99R-96F',Vitis,NA
Vitis sp. '99R',Vitis,NA
Vitis sp. 'SO4-102F',Vitis,NA
Vitis sp. 'SO4',Vitis,NA
Vitis sp. (rootstock 99R clone 179F),Vitis,NA
Vitis sp. (scion Cabernet Sauvignon),Vitis,NA
Vitis sp. (scion Pinot Noir; rootstock 101-14),Vitis,NA
Vitis sp. 99R,Vitis,NA
Vitis vinifera '110R/164E',Vitis vinifera,NA
Vitis vinifera 'Alfrocheiro/SO4',Vitis vinifera,NA
Vitis vinifera 'Aragonez/1103P',Vitis vinifera,NA
Vitis vinifera 'Aragonez/3309C',Vitis vinifera,NA
Vitis vinifera 'Fernao Pires',Vitis vinifera,NA
Vitis vinifera 'Jaen',Vitis vinifera,NA
Vitis vinifera 'Jaen/SO4',Vitis vinifera,NA
Vitis vinifera 'Malvasia Fina',Vitis vinifera,NA
Vitis vinifera 'Sangiovese/1103P',Vitis vinifera,NA
Vitis vinifera 'Seara Nova/99R',Vitis vinifera,NA
Vitis vinifera 'Tinta Barroca',Vitis vinifera,NA
Vitis vinifera 'Tinta Roriz',Vitis vinifera,NA
Vitis vinifera 'Touriga Nacional/99R',Vitis vinifera,NA
Vitis vinifera (Concord Bradt),Vitis vinifera,NA
Vitis vinifera (grape),Vitis vinifera,NA
"Vitis vinifera (rootstock 110R, clone 164E)",Vitis vinifera,NA
"Vitis vinifera (rootstock 99R, clone 179F)",Vitis vinifera,NA
"Vitis vinifera (rootstock 99R, clone 96F)",Vitis vinifera,NA
Vitis vinifera (rootstock 99R),Vitis vinifera,NA
Vitis vinifera (rootstock clone 113F),Vitis vinifera,NA
"Vitis vinifera (rootstock SO4, clone 102F)",Vitis vinifera,NA
Vitis vinifera (scion 140-Ru; rootstock Aragones),Vitis vinifera,NA
Vitis vinifera (scion Alfrocheiro; rootstock SO4),Vitis vinifera,NA
Vitis vinifera (scion Alicante Bouschet; rootstock 1103P),Vitis vinifera,NA
Vitis vinifera (scion Alicante; rootstock 196-17),Vitis vinifera,NA
Vitis vinifera (scion Alvarinho; rootstock 196-17),Vitis vinifera,NA
Vitis vinifera (scion Antao Vaz; rootstock 110R),Vitis vinifera,NA
Vitis vinifera (scion Aragonez; rootstock 3309C),Vitis vinifera,NA
Vitis vinifera (scion Aragonez; rootstock 99R),Vitis vinifera,NA
Vitis vinifera (scion Aragonez; rootstock SO4),Vitis vinifera,NA
Vitis vinifera (scion Cabernet Sauvignon; rootstock 110R),Vitis vinifera,NA
Vitis vinifera (scion Chardonnay; rootstock 110R),Vitis vinifera,NA
Vitis vinifera (scion Chenin),Vitis vinifera,NA
Vitis vinifera (scion Gouveio),Vitis vinifera,NA
Vitis vinifera (scion Grenache),Vitis vinifera,NA
Vitis vinifera (scion Malvasia Fina; rootstock 1103P),Vitis vinifera,NA
Vitis vinifera (scion Marssanne),Vitis vinifera,NA
Vitis vinifera (scion Petit Verdot; rootstock 110R),Vitis vinifera,NA
Vitis vinifera (scion Sangiovese; rootstock 1103P),Vitis vinifera,NA
Vitis vinifera (scion Seara Nova; rootstock 99R),Vitis vinifera,NA
Vitis vinifera (scion Sultana; rootstock 143-B Mgt),Vitis vinifera,NA
Vitis vinifera (scion Touriga Nacioal; rootstock 110R),Vitis vinifera,NA
Vitis vinifera (scion Touriga Nacional; rootstock 1103P),Vitis vinifera,NA
Vitis vinifera (scion Touriga Nacional; rootstock 140RU),Vitis vinifera,NA
Vitis vinifera (scion Touriga Nacional; rootstock 99R),Vitis vinifera,NA
Vitis vinifera cv. 1103 Paulsen,Vitis vinifera,NA
Vitis vinifera cv. Chardonnay,Vitis vinifera,NA
Vitis vinifera cv. Cococciola d'Abruzzo,Vitis vinifera,NA
Vitis vinifera cv. Crimson Seedless,Vitis vinifera,NA
Vitis vinifera cv. Hatunparmagi,Vitis vinifera,NA
Vitis vinifera cv. Jaen,Vitis vinifera,NA
Vitis vinifera cv. Malvasia Fina,Vitis vinifera,NA
Vitis vinifera cv. Mencia,Vitis vinifera,NA
Vitis vinifera cv. Moscato,Vitis vinifera,NA
Vitis vinifera cv. Pinot grigio,Vitis vinifera,NA
Vitis vinifera cv. Pinot NOir,Vitis vinifera,NA
Vitis vinifera cv. San Giovese,Vitis vinifera,NA
Vitis vinifera cv. Sangiovese,Vitis vinifera,NA
Vitis vinifera cv. Sauvignon Blanc,Vitis vinifera,NA
Vitis vinifera cv. Seara Nova,Vitis vinifera,NA
Vitis vinifera L. cv. Chardonnay,Vitis vinifera,NA
"Vitis vinifera, cultivar Sauvignon Blanc",Vitis vinifera,NA
Vitis vinifera; 3309C,Vitis vinifera,NA
Vitis vinifera; 3309C rootstock,Vitis vinifera,NA
Vitis vinifera; Chardonnay,Vitis vinifera,NA
Vitis vinifera; Pinot Gris,Vitis vinifera,NA
Vitis vinifera; SO4 rootstock,Vitis vinifera,NA
Vochysia divergens,Vochysia divergens,NA
Vochysia sp.,Vochysia,NA
volcanic ash soil,NA,NA
Vriesea sp.,Vriesea,NA
Vulpes vulpes (red fox),Vulpes vulpes,NA
Wall in wine cellar -> isolation source,NA,NA
wall made of stones,NA,NA
wall palm,Arecaceae,NA
wallnut,Juglans regia,NA
Walnut,Juglans,NA
walnut,Juglans,NA
walnut cv. English Walnut,Juglans regia,NA
walnut tree,Juglans,NA
walunt,Juglans regia,NA
Warburgia ugandensis (African pepper bark tree),Warburgia ugandensis,NA
wasp,Hymenoptera,NA
"wasp, Hymenoptera",Hymenoptera,NA
"Wasp, Hymenoptera",Hymenoptera,NA
wasps (Hymenoptera),Hymenoptera,NA
Wastewater,NA,NA
Water,NA,NA
water apple (Syzygium aqueum Alst.),Syzygium aqueum,NA
water beetle,Coleoptera,NA
Water buffalo (Bubalus bubalis),Bubalus bubalis,NA
water column (93 m),NA,NA
water from wax apple farm,Syzygium samarangense,NA
Water melon,Citrullus lanatus,NA
water spinach,Ipomoea aquatica,NA
water-buffalo,Bubalus bubalis,NA
watermelon plant,Citrullus lanatus,NA
watermenlon,Citrullus lanatus,NA
Wax moth,Galleria mellonella,NA
Wedelia glauca,Wedelia,NA
weed,Viridiplantae,NA
weevil,Curculionidae,NA
Weissia cf. brachycarpa,Weissia,NA
well rotted Quercus,Quercus,NA
Wendlandia thyrsoidea (Roth) Steud.,Wendlandia thyrsoidea,NA
Wheat (Koch Postulate),Triticum,NA
wheat (Triticum aestivum L.),Triticum aestivum,NA
wheat (Triticum aestivum),Triticum aestivum,NA
wheat crown,Triticum aestivum,NA
Wheat Crown,Triticum aestivum,NA
wheat cultivar UAS304,Triticum aestivum,NA
wheat cultivar UAS334,Triticum aestivum,NA
wheat cv. Super Dwarf,Triticum aestivum,NA
Wheat field soil,NA,NA
Wheat Grain,Triticum aestivum,NA
wheat rhizosphere,NA,NA
Wheat straw,Triticum aestivum,NA
"wheat, NKC 9663 variety",Triticum aestivum,NA
"wheat, Saluda variety",Triticum aestivum,NA
"Wheat, Triticum aestivum",Triticum aestivum,NA
"Wheat, Tritucum durum",Triticum durum,NA
"wheat, USG 3209 variety",Triticum aestivum,NA
wheat; clover; Ornithopus sp.; Lolium sp.,Viridiplantae,NA
wheat; cv. Aina,Triticum aestivum,NA
Wheat/ Barley,Poaceae,NA
wheat/barley,Poaceae,NA
white cedar tree,Thuja,NA
white dragon fruit,Selenicereus undatus,NA
White Dragon fruit,Selenicereus undatus,NA
White Fallow Deer,Dama dama,NA
White fly,Aleyrodidae,NA
white frangipani (Plumeria alba),Plumeria alba,NA
white grape,Vitis vinifera,NA
white grub,Scarabaeidae,NA
white kangaroo,Macropodidae,NA
white lion,Panthera leo,NA
White pepper,Piper nigrum,NA
white pepper,Piper nigrum,NA
white pine,Pinus,NA
white rot fungus,Fungi,NA
white rust of Chrysanthemum,Chrysanthemum,NA
white-fronted wallaby,Notamacropus parryi,NA
whiteflies,Aleyrodidae,NA
Whiteflies,Aleyrodidae,NA
whitefly,Aleyrodidae,NA
Whitefly,Aleyrodidae,NA
Whitefly and scale insect,Hemiptera,NA
whitefly in eggplant,Aleyrodidae,NA
whitefly or scale insect,Hemiptera,NA
whitetail deer,Odocoileus virginianus,NA
Widl Mushroom,Agaricomycetes,NA
Wild banana,Musa,NA
wild Barbary sheep,Ammotragus lervia,NA
wild black buck antilope,Antilope cervicapra,NA
Wild blackberry: Rubus pringlei,Rubus pringlei,NA
wild Brachiaria sp.,Brachiaria,NA
wild cattle,Bos taurus,NA
wild Cilus gilberti,Cilus gilberti,NA
wild duck,Anatidae,NA
wild flower,Magnoliophyta,NA
wild french bean,Phaseolus vulgaris,NA
wild French bean,Phaseolus vulgaris,NA
wild fruit,Magnoliophyta,NA
wild goose (Anserinae),Anserinae,NA
Wild grape (Vitis rotundifolia),Vitis rotundifolia,NA
wild grapevine,Vitis,NA
wild grass,Poaceae,NA
wild hawthorn,Crataegus,NA
Wild millet,Poaceae,NA
wild mushroom,Agaricomycetes,NA
wild Oncorhynchus mykiss,Oncorhynchus mykiss,NA
wild Opuntia sp.,Opuntia,NA
wild Oryza sativa,Oryza sativa,NA
wild peaches,Prunus persica,NA
wild plant,Viridiplantae,NA
Wild Plant from Kargil region,Viridiplantae,NA
Wild plant from kargil region,Viridiplantae,NA
Wild Plum (Prunus americana),Prunus americana,NA
wild poplar,Populus,NA
Wild Rat,Rattus,NA
Wild rats,Rattus,NA
wild rats,Rattus,NA
Wild rocket,Diplotaxis tenuifolia,NA
wild rocket,Diplotaxis tenuifolia,NA
wild Rubus aff. miser,Rubus,NA
wild Rubus idaeus,Rubus idaeus,NA
wild Seriola lalandi,Seriola lalandi,NA
wild vanilla,Vanilla,NA
Wildebeest,Connochaetes,NA
wildebeest,Connochaetes,NA
willow,Salix,NA
willow tree,Salix,NA
Wilted Chamaedorea seifrizii,Chamaedorea seifrizii,NA
wilted cumin plant,Cuminum cyminum,NA
wilted pigeon pea,Cajanus cajan,NA
wilted sugarcane plant,Saccharum,NA
wilted tomato plant,Solanum lycopersicum,NA
Wine,NA,NA
winter rye,Secale cereale,NA
winter triticale,Triticosecale,NA
winter wheat,Triticum aestivum,NA
Winter Wheat,Triticum aestivum,NA
winter wheat cv. Ceylon,Triticum aestivum,NA
Withania somnifera root,Withania somnifera,NA
withered grape,Vitis,NA
Womam,Homo sapiens,NA
Women,Homo sapiens,NA
women,Homo sapiens,NA
WOMEN,Homo sapiens,NA
wood,NA,NA
Wood,NA,NA
WOOD,NA,NA
wood apple,Limonia acidissima,NA
Wood apple (Limonia acidissima),Limonia acidissima,NA
wood chips,NA,NA
Wood chips of bark of Pinus in a greenhouse,Pinus,NA
Wood decay,NA,NA
wood in forest,NA,NA
Wood log,NA,NA
wood log,NA,NA
wood of a deciduous tree,Magnoliophyta,NA
wood of an unidentified plant,Tracheophyta,NA
Wood of Eucalyptus,Eucalyptus,NA
Wood pulp,NA,NA
wood sap,NA,NA
Wood stumps,NA,NA
wood submerged in a freshwater stream,NA,NA
wood-feeding insect,Insecta,NA
Wood-rotting grow in solitary on hard wood or on twig of angiospermic trees.,NA,NA
"wood, basidiomes",NA,NA
"Wood, Delonix regia",Delonix regia,NA
Woodchips,NA,NA
Woodland,NA,NA
woodpile,NA,NA
woody,NA,NA
woody plant,Tracheophyta,NA
x Heucherella,Saxifragaceae,NA
X. granatum,Xylocarpus granatum,NA
Xanthium strumarium sensu lato,Xanthium strumarium,NA
Xanthium strumarium sensus lato,Xanthium strumarium,NA
Xanthosoma sp.,Xanthosoma,NA
Xathoxylum rhoifolium,Zanthoxylum rhoifolium,NA
xerophyte,Viridiplantae,NA
Xerophytes,Viridiplantae,NA
Xylaria cf. polymorpha,Xylaria,NA
Xyleborus pinicola,Xyleborus pinicola,NA
Xyloryctes jamaicensis,Xyloryctes jamaicensis,NA
Xylosandurs crassiusculus,Xylosandrus crassiusculus,NA
yam,Dioscorea,NA
yardlong bean,Vigna unguiculata,NA
yark,NA,NA
Yeast,Fungi,NA
yeast,Fungi,NA
Yellowhorn,Xanthoceras sorbifolium,NA
yellowhorn,Xanthoceras sorbifolium,NA
YellowhornC,Xanthoceras sorbifolium,NA
yellowwood,Cladrastis,NA
Yogurt,NA,NA
young garlic shoot,Allium sativum,NA
Yuanxiaochun,Citrus,NA
Yulania denudata 'Hailuo',Yulania denudata,NA
Zamiifolia,Zamioculcas zamiifolia,NA
Zantedeschia sp. (Calla lily),Zantedeschia,NA
Zanthooxylum armatum,Zanthoxylum armatum,NA
Zanthoxylum ailanthoides var. boninshimae,Zanthoxylum ailanthoides,NA
Zanthoxylum bungeanum Maxim,Zanthoxylum bungeanum,NA
Zanthozylum rhetsa,Zanthoxylum rhetsa,NA
Zawyet,NA,NA
Zea mays (saccharata group),Zea mays,NA
Zea mays (teosinte),Zea mays,NA
Zea mays cv. 'Silver Queen',Zea mays,NA
Zea mays L.,Zea mays,NA
Zea mays L. (maize),Zea mays,NA
Zea mays L. saccharata Sturt,Zea mays,NA
"Zea mays on PCNB agar, from kernel of corn",NA,NA
"Zea mays on PCNB agar, from kernels of corn",NA,NA
Zea mays saccharata Sturt. (sweet corn),Zea mays,NA
Zea mays ssp mays,Zea mays,NA
Zea mays var. B37,Zea mays,NA
Zea mays var. bxbx,Zea mays,NA
Zea mays var. W22,Zea mays,NA
Zea perennis L. (Teosinte),Zea perennis,NA
zebra,Equus,NA
Zingiber nimmonii (J. Graham) Dalzel,Zingiber nimmonii,NA
Zingiber nimmonii (J. Graham) Dalzell,Zingiber nimmonii,NA
Zingiber officinale Rosc,Zingiber officinale,NA
Zingiber officinale var officinale,Zingiber officinale,NA
Zingiber officinale var rubrum,Zingiber officinale,NA
Zingiber officinale var. Rubrum,Zingiber officinale,NA
Zinnia hybr.,Zinnia,NA
Zinnia hybrida,Zinnia,NA
Ziziphora pedicellata Pazij.,Ziziphora pedicellata,NA
zoysiagrass,Zoysia,NA
Zuchini,Cucurbita pepo,NA
Zulia entreriana,Zulia entreriana,NA
Zulia entreriana (Homoptera: Cercopidae),Zulia entreriana,NA
Zygophyllum sp.,Zygophyllum,NA